key,zh-TW,zh-CN,en
"ad_reward.text1","âŒ ç”¨æˆ¶ä¸å­˜åœ¨","",""
"ad_reward.text2","ğŸ’ VIP ç”¨æˆ¶ç„¡éœ€è§€çœ‹å»£å‘Š","",""
"ad_reward.text3","âš ï¸ è«‹å…ˆå®Œæˆä¸Šä¸€æ”¯å»£å‘Šï¼Œå†é–‹å§‹æ–°çš„å»£å‘Š","",""
"ad_reward.text4","âš ï¸ ç„¡æ³•è§€çœ‹æ›´å¤šå»£å‘Š","",""
"ad_reward.text5","âš ï¸ æš«ç„¡å¯ç”¨çš„å»£å‘Šæä¾›å•†","",""
"ad_reward.text6","âš ï¸ ç„¡æ³•é¸æ“‡å»£å‘Šæä¾›å•†","",""
"ad_reward.text7","ğŸ“º é–‹å§‹è§€çœ‹å»£å‘Š","",""
"ad_reward.text8","ğŸ  è¿”å›ä¸»é¸å–®","",""
"ad_reward.text9","âœ… è«‹é»æ“ŠæŒ‰éˆ•é–‹å§‹è§€çœ‹","",""
"ad_reward.text10","âŒ ç™¼ç”ŸéŒ¯èª¤ï¼Œè«‹ç¨å¾Œå†è©¦","",""
"ad_reward.text11","ğŸ’¡ ç¹¼çºŒè§€çœ‹å»£å‘Šå¯ç²å¾—æ›´å¤šé¡åº¦ï¼","",""
"ad_reward.text12","âœ… ä»Šæ—¥å»£å‘Šå·²é”ä¸Šé™","",""
"ad_reward.text13","âŒ ç”¨æˆ¶ä¸å­˜åœ¨","",""
"ad_reward.text14","âŒ ç²å–å»£å‘Šç‹€æ…‹å¤±æ•—","",""
"admin_ad_config.text15","âš ï¸ ç›®å‰æ²’æœ‰é…ç½®ä»»ä½•å»£å‘Šæä¾›å•†

","",""
"admin_ad_config.text16","è«‹ä½¿ç”¨è³‡æ–™åº«è…³æœ¬æ·»åŠ å»£å‘Šæä¾›å•†ï¼š
","",""
"admin_ad_config.text17","ğŸ“º **å»£å‘Šæä¾›å•†åˆ—è¡¨**

","",""
"admin_ad_config.text18","âœ… å•Ÿç”¨","",""
"admin_ad_config.text19","âŒ åœç”¨","",""
"admin_ad_config.text20","**ç®¡ç†å‘½ä»¤ï¼š**
","",""
"admin_ad_config.text21","â€¢ `/ad_provider_enable <id>` - å•Ÿç”¨
","",""
"admin_ad_config.text22","â€¢ `/ad_provider_disable <id>` - åœç”¨
","",""
"admin_ad_config.text23","â€¢ `/ad_provider_priority <id> <priority>` - è¨­ç½®å„ªå…ˆç´š","",""
"admin_ad_config.text24","âŒ ç²å–å»£å‘Šæä¾›å•†åˆ—è¡¨å¤±æ•—","",""
"admin_ad_config.text25","âŒ ä½¿ç”¨æ–¹æ³•éŒ¯èª¤

","",""
"admin_ad_config.text26","**æ­£ç¢ºæ ¼å¼ï¼š**
","",""
"admin_ad_config.text27","âŒ å•Ÿç”¨å»£å‘Šæä¾›å•†å¤±æ•—","",""
"admin_ad_config.text28","âŒ ä½¿ç”¨æ–¹æ³•éŒ¯èª¤

","",""
"admin_ad_config.text29","**æ­£ç¢ºæ ¼å¼ï¼š**
","",""
"admin_ad_config.text30","âŒ åœç”¨å»£å‘Šæä¾›å•†å¤±æ•—","",""
"admin_ad_config.text31","âŒ ä½¿ç”¨æ–¹æ³•éŒ¯èª¤

","",""
"admin_ad_config.text32","**æ­£ç¢ºæ ¼å¼ï¼š**
","",""
"admin_ad_config.text33","**ç¯„ä¾‹ï¼š**
","",""
"admin_ad_config.text34","âŒ å„ªå…ˆç´šå¿…é ˆæ˜¯éè² æ•´æ•¸","",""
"admin_ad_config.text35","âŒ è¨­ç½®å„ªå…ˆç´šå¤±æ•—","",""
"admin_ad_config.text36","âš ï¸ ç›®å‰æ²’æœ‰å®˜æ–¹å»£å‘Š

","",""
"admin_ad_config.text37","è«‹ä½¿ç”¨è³‡æ–™åº«è…³æœ¬æ·»åŠ å®˜æ–¹å»£å‘Šï¼š
","",""
"admin_ad_config.text38","ğŸ“¢ **å®˜æ–¹å»£å‘Šåˆ—è¡¨**

","",""
"admin_ad_config.text39","âœ… å•Ÿç”¨","",""
"admin_ad_config.text40","âŒ åœç”¨","",""
"admin_ad_config.text41","**ç®¡ç†å‘½ä»¤ï¼š**
","",""
"admin_ad_config.text42","â€¢ `/official_ad_enable <id>` - å•Ÿç”¨
","",""
"admin_ad_config.text43","â€¢ `/official_ad_disable <id>` - åœç”¨
","",""
"admin_ad_config.text44","â€¢ `/ad_stats <id>` - æŸ¥çœ‹è©³ç´°çµ±è¨ˆ","",""
"admin_ad_config.text45","âŒ ç²å–å®˜æ–¹å»£å‘Šåˆ—è¡¨å¤±æ•—","",""
"admin_ad_config.text46","âŒ ä½¿ç”¨æ–¹æ³•éŒ¯èª¤

","",""
"admin_ad_config.text47","**æ­£ç¢ºæ ¼å¼ï¼š**
","",""
"admin_ad_config.text48","âŒ å»£å‘Š ID å¿…é ˆæ˜¯æ•¸å­—","",""
"admin_ad_config.text49","âŒ å•Ÿç”¨å®˜æ–¹å»£å‘Šå¤±æ•—","",""
"admin_ad_config.text50","âŒ ä½¿ç”¨æ–¹æ³•éŒ¯èª¤

","",""
"admin_ad_config.text51","**æ­£ç¢ºæ ¼å¼ï¼š**
","",""
"admin_ad_config.text52","âŒ å»£å‘Š ID å¿…é ˆæ˜¯æ•¸å­—","",""
"admin_ad_config.text53","âŒ åœç”¨å®˜æ–¹å»£å‘Šå¤±æ•—","",""
"admin_analytics.text54","âŒ ä½ æ²’æœ‰æ¬Šé™æŸ¥çœ‹åˆ†ææ•¸æ“š","",""
"admin_analytics.text55","âŒ ç²å–åˆ†ææ•¸æ“šå¤±æ•—","",""
"admin_analytics.text56","âŒ ä½ æ²’æœ‰æ¬Šé™æŸ¥çœ‹å»£å‘Šæ•¸æ“š","",""
"admin_analytics.text57","âŒ ç²å–å»£å‘Šæ•¸æ“šå¤±æ•—","",""
"admin_analytics.text58","âŒ ä½ æ²’æœ‰æ¬Šé™æŸ¥çœ‹ VIP æ•¸æ“š","",""
"admin_analytics.text59","âŒ ç²å– VIP æ¼æ–—æ•¸æ“šå¤±æ•—","",""
"admin_analytics.text60","âŒ åªæœ‰è¶…ç´šç®¡ç†å“¡å¯ä»¥ä½¿ç”¨æ­¤å‘½ä»¤ã€‚","",""
"admin_ban.text61","æ°¸ä¹…","",""
"admin_ban.text62","âŒ æ™‚é•·å¿…é ˆæ˜¯æ­£æ•´æ•¸æˆ– ""permanent""ã€‚","",""
"admin_ban.text63","âŒ åªæœ‰è¶…ç´šç®¡ç†å“¡å¯ä»¥ä½¿ç”¨æ­¤å‘½ä»¤ã€‚","",""
"admin_ban.text64","âŒ ä½¿ç”¨æ–¹æ³•éŒ¯èª¤

","",""
"admin_ban.text65","**æ­£ç¢ºæ ¼å¼ï¼š**
","",""
"admin_ban.text66","**ç¤ºä¾‹ï¼š**
","",""
"admin_ban.text67","`/admin_add 123456789` - æ·»åŠ ç‚ºæ™®é€šç®¡ç†å“¡

","",""
"admin_ban.text68","ğŸ’¡ ä½¿ç”¨ /admin_list æŸ¥çœ‹ç•¶å‰ç®¡ç†å“¡åˆ—è¡¨","",""
"admin_ban.text69","âŒ æ­¤ç”¨æˆ¶å·²ç¶“æ˜¯è¶…ç´šç®¡ç†å“¡ï¼Œç„¡éœ€æ·»åŠ ã€‚","",""
"admin_ban.text70","âŒ æ­¤ç”¨æˆ¶å·²ç¶“æ˜¯ç®¡ç†å“¡ã€‚","",""
"admin_ban.text71","âŒ ç”¨æˆ¶ä¸å­˜åœ¨æˆ–æœªè¨»å†Šã€‚","",""
"admin_ban.text72","æœªè¨­å®š","",""
"admin_ban.text73","âŒ ç™¼ç”ŸéŒ¯èª¤ï¼Œè«‹ç¨å¾Œå†è©¦ã€‚","",""
"admin_ban.text74","âŒ åªæœ‰è¶…ç´šç®¡ç†å“¡å¯ä»¥ä½¿ç”¨æ­¤å‘½ä»¤ã€‚","",""
"admin_ban.text75","âŒ ä½¿ç”¨æ–¹æ³•éŒ¯èª¤

","",""
"admin_ban.text76","**æ­£ç¢ºæ ¼å¼ï¼š**
","",""
"admin_ban.text77","**ç¤ºä¾‹ï¼š**
","",""
"admin_ban.text78","`/admin_remove 123456789` - ç§»é™¤æ™®é€šç®¡ç†å“¡

","",""
"admin_ban.text79","ğŸ’¡ ä½¿ç”¨ /admin_list æŸ¥çœ‹ç•¶å‰ç®¡ç†å“¡åˆ—è¡¨","",""
"admin_ban.text80","âŒ ç„¡æ³•ç§»é™¤è¶…ç´šç®¡ç†å“¡ã€‚","",""
"admin_ban.text81","âŒ æ­¤ç”¨æˆ¶ä¸æ˜¯ç®¡ç†å“¡ã€‚","",""
"admin_ban.text82","æœªè¨­å®š","",""
"admin_ban.text83","âŒ ç™¼ç”ŸéŒ¯èª¤ï¼Œè«‹ç¨å¾Œå†è©¦ã€‚","",""
"admin_ban.text84","âŒ ä½ æ²’æœ‰æ¬Šé™ä½¿ç”¨æ­¤å‘½ä»¤ã€‚","",""
"admin_ban.text85","âŒ ç”¨æˆ¶ä¸å­˜åœ¨ã€‚","",""
"admin_ban.text86","ğŸ“Š ç›®å‰æ²’æœ‰å°ç¦è¨˜éŒ„","",""
"admin_ban.text87","ğŸ“Š æœ€è¿‘ 10 æ¢å°ç¦è¨˜éŒ„

","",""
"admin_ban.text88","æ°¸ä¹…","",""
"admin_ban.text89","ğŸ’¡ ä½¿ç”¨ /admin_bans <user_id> æŸ¥çœ‹ç‰¹å®šç”¨æˆ¶çš„å°ç¦æ­·å²","",""
"admin_ban.text90","æ°¸ä¹…","",""
"admin_ban.text91","âŒ ä½ æ²’æœ‰æ¬Šé™ä½¿ç”¨æ­¤å‘½ä»¤ã€‚","",""
"admin_ban.text92","âœ… ç›®å‰æ²’æœ‰å¾…å¯©æ ¸çš„ç”³è¨´","",""
"admin_ban.text93","ğŸ“‹ å¾…å¯©æ ¸ç”³è¨´åˆ—è¡¨

","",""
"admin_ban.text94","ğŸ’¡ ä½¿ç”¨ä»¥ä¸‹å‘½ä»¤å¯©æ ¸ç”³è¨´ï¼š
","",""
"admin_ban.text95","/admin_approve <appeal_id> [å‚™è¨»]
","",""
"admin_ban.text96","/admin_reject <appeal_id> [å‚™è¨»]","",""
"admin_ban.text97","âŒ ä½ æ²’æœ‰æ¬Šé™ä½¿ç”¨æ­¤å‘½ä»¤ã€‚","",""
"admin_ban.text98","ç”³è¨´å·²æ‰¹å‡†","",""
"admin_ban.text99","âŒ è«‹æä¾›ç”³è¨´ ID

ç”¨æ³•: /admin_approve <appeal_id> [å‚™è¨»]","",""
"admin_ban.text100","âŒ ä½ æ²’æœ‰æ¬Šé™ä½¿ç”¨æ­¤å‘½ä»¤ã€‚","",""
"admin_ban.text101","ç”³è¨´è¢«æ‹’çµ•","",""
"admin_ban.text102","âŒ è«‹æä¾›ç”³è¨´ ID

ç”¨æ³•: /admin_reject <appeal_id> [å‚™è¨»]","",""
"admin_diagnose_avatar.text103","âŒ **æ¬Šé™ä¸è¶³**

æ­¤å‘½ä»¤åƒ…é™è¶…ç´šç®¡ç†å“¡ä½¿ç”¨ã€‚","",""
"admin_diagnose_avatar.text104","ç„¡","",""
"admin_diagnose_avatar.text105","âœ… æ˜¯","",""
"admin_diagnose_avatar.text106","âŒ å¦","",""
"admin_diagnose_avatar.text107","æœªçŸ¥","",""
"admin_diagnose_avatar.text108","âŒ **è¨ºæ–·å¤±æ•—**

","",""
"admin_refresh_vip_avatars.text109","âŒ **æ¬Šé™ä¸è¶³**

æ­¤å‘½ä»¤åƒ…é™è¶…ç´šç®¡ç†å“¡ä½¿ç”¨ã€‚","",""
"admin_refresh_vip_avatars.text110","âœ… **ç„¡éœ€åˆ·æ–°**

","",""
"admin_refresh_vip_avatars.text111","ğŸ”„ **é–‹å§‹æ‰¹é‡åˆ·æ–° VIP é ­åƒ**

","",""
"admin_refresh_vip_avatars.text112","âŒ **åˆ·æ–°å¤±æ•—**

","",""
"admin_refresh_vip_avatars.text113","è™•ç†éç¨‹ä¸­ç™¼ç”ŸéŒ¯èª¤ï¼Œè«‹æŸ¥çœ‹æ—¥èªŒã€‚

","",""
"admin_test_refresh.text114","âŒ **æ¬Šé™ä¸è¶³**

æ­¤å‘½ä»¤åƒ…é™è¶…ç´šç®¡ç†å“¡ä½¿ç”¨ã€‚","",""
"admin_test_refresh.text115","ğŸ”„ é–‹å§‹åˆ·æ–°æ‚¨çš„å°è©±æ­·å²...","",""
"admin_test_refresh.text116","âŒ **åˆ·æ–°å¤±æ•—**

","",""
"appeal.text117","âŒ ç”¨æˆ¶ä¸å­˜åœ¨ï¼Œè«‹å…ˆä½¿ç”¨ /start è¨»å†Šã€‚","",""
"appeal.text118","å¾…å¯©æ ¸","",""
"appeal.text119","âŒ ç”¨æˆ¶ä¸å­˜åœ¨ï¼Œè«‹å…ˆä½¿ç”¨ /start è¨»å†Šã€‚","",""
"appeal.text120","âŒ ç”¨æˆ¶ä¸å­˜åœ¨ï¼Œè«‹å…ˆä½¿ç”¨ /start è¨»å†Šã€‚","",""
"appeal.text121","å¾…å¯©æ ¸","",""
"appeal.text122","å·²æ‰¹å‡†","",""
"appeal.text123","å·²æ‹’çµ•","",""
"appeal.text124","å¯©æ ¸æ™‚é–“ï¼š","",""
"appeal.text125","å‚™è¨»ï¼š","",""
"block.text126","âš ï¸ è«‹é•·æŒ‰ä½ è¦å°é–çš„è¨Šæ¯å¾Œå›è¦†æŒ‡ä»¤

","",""
"block.text127","**æ“ä½œæ­¥é©Ÿï¼š**
","",""
"block.text128","1ï¸âƒ£ é•·æŒ‰å°æ–¹çš„è¨Šæ¯
","",""
"block.text129","2ï¸âƒ£ é¸æ“‡ã€Œå›è¦†ã€
","",""
"block.text130","3ï¸âƒ£ è¼¸å…¥ /block

","",""
"block.text131","ğŸ’¡ é€™æ¨£å¯ä»¥æº–ç¢ºæŒ‡å®šè¦å°é–çš„å°è±¡ã€‚","",""
"block.text132","âš ï¸ ç„¡æ³•è­˜åˆ¥å°è©±å°è±¡

","",""
"block.text133","è«‹ç¢ºä¿å›è¦†çš„æ˜¯å°æ–¹ç™¼é€çš„è¨Šæ¯ï¼ˆå¸¶æœ‰ # æ¨™è­˜ç¬¦ï¼‰ã€‚","",""
"block.text134","âš ï¸ æ‰¾ä¸åˆ°æ­¤å°è©±

","",""
"block.text135","å°è©±å¯èƒ½å·²çµæŸæˆ–ä¸å­˜åœ¨ã€‚","",""
"block.text136","âš ï¸ å°è©±è³‡è¨ŠéŒ¯èª¤ã€‚","",""
"block.text137","ä½ å€‘å°‡ä¸æœƒå†è¢«åŒ¹é…åˆ°å°æ–¹çš„æ¼‚æµç“¶ã€‚

","",""
"block.text138","ğŸ’¡ ä½¿ç”¨ /catch æ’¿æ–°çš„æ¼‚æµç“¶é–‹å§‹æ–°å°è©±ã€‚","",""
"broadcast.text139","âŒ ä½¿ç”¨æ–¹æ³•éŒ¯èª¤

","",""
"broadcast.text140","**æ­£ç¢ºæ ¼å¼ï¼š**
","",""
"broadcast.text141","**ç¤ºä¾‹ï¼š**
","",""
"broadcast.text142","âŒ å‰µå»ºå»£æ’­å¤±æ•—ï¼Œè«‹ç¨å¾Œå†è©¦ã€‚","",""
"broadcast.text143","âŒ ä½¿ç”¨æ–¹æ³•éŒ¯èª¤

","",""
"broadcast.text144","**æ­£ç¢ºæ ¼å¼ï¼š**
","",""
"broadcast.text145","âŒ å‰µå»ºå»£æ’­å¤±æ•—ã€‚","",""
"broadcast.text146","âŒ ä½¿ç”¨æ–¹æ³•éŒ¯èª¤

","",""
"broadcast.text147","**æ­£ç¢ºæ ¼å¼ï¼š**
","",""
"broadcast.text148","âŒ å‰µå»ºå»£æ’­å¤±æ•—ã€‚","",""
"broadcast.text149","âœ… å»£æ’­éšŠåˆ—è™•ç†å®Œæˆ

","",""
"broadcast.text150","ç›®å‰æ²’æœ‰å¾…è™•ç†æˆ–å¡ä½çš„å»£æ’­ã€‚

","",""
"broadcast.text151","ä½¿ç”¨ /broadcast_status æŸ¥çœ‹æ‰€æœ‰å»£æ’­è¨˜éŒ„ã€‚","",""
"broadcast.text152","å¾…è™•ç†","",""
"broadcast.text153","å¡ä½ï¼ˆé‡è©¦ä¸­ï¼‰","",""
"broadcast.text154","âŒ ä½¿ç”¨æ–¹æ³•éŒ¯èª¤

","",""
"broadcast.text155","**æ­£ç¢ºæ ¼å¼ï¼š**
","",""
"broadcast.text156","/broadcast_cancel <å»£æ’­ID>

","",""
"broadcast.text157","**ç¤ºä¾‹ï¼š**
","",""
"broadcast.text158","âŒ å»£æ’­ ID å¿…é ˆæ˜¯æ•¸å­—","",""
"broadcast.text159","âŒ æ‰¾ä¸åˆ°è©²å»£æ’­è¨˜éŒ„","",""
"broadcast.text160","ğŸ“Š ç›®å‰æ²’æœ‰å»£æ’­è¨˜éŒ„","",""
"broadcast.text161","ğŸ“Š æœ€è¿‘ 5 æ¢å»£æ’­è¨˜éŒ„

","",""
"broadcast.text162","ğŸ’¡ ä½¿ç”¨ /broadcast_status <id> æŸ¥çœ‹è©³ç´°ä¿¡æ¯","",""
"broadcast.text163","âŒ å»£æ’­ ID å¿…é ˆæ˜¯æ•¸å­—","",""
"broadcast.text164","âŒ æ‰¾ä¸åˆ°è©²å»£æ’­è¨˜éŒ„","",""
"broadcast.text165","âœ… æ²’æœ‰éœ€è¦æ¸…ç†çš„å»£æ’­

","",""
"broadcast.text166","æ‰€æœ‰å»£æ’­ç‹€æ…‹æ­£å¸¸ã€‚","",""
"broadcast.text167","é€™äº›å»£æ’­å°‡è¢«æ¨™è¨˜ç‚ºã€Œå¤±æ•—ã€ç‹€æ…‹
","",""
"broadcast.text168","ä¸æœƒå†è¢«è‡ªå‹•è™•ç†æˆ–é‡æ–°ç™¼é€

","",""
"broadcast.text169","**ç¢ºèªæ¸…ç†ï¼Ÿ**
","",""
"broadcast.text170","ä½¿ç”¨ `/broadcast_cleanup confirm` ç¢ºèª","",""
"broadcast.text171","âŒ ä½¿ç”¨æ–¹æ³•éŒ¯èª¤

","",""
"broadcast.text172","**æ­£ç¢ºæ ¼å¼ï¼š**
","",""
"broadcast.text173","**éæ¿¾å™¨æ ¼å¼ï¼š**
","",""
"broadcast.text174","**ç¤ºä¾‹ï¼š**
","",""
"catch.text175","ğŸ˜” ç›®å‰æ²’æœ‰é©åˆä½ çš„æ¼‚æµç“¶

","",""
"catch.text176","ğŸ’¡ æç¤ºï¼š
","",""
"catch.text177","â€¢ ç¨å¾Œå†è©¦
","",""
"catch.text178","â€¢ æˆ–è€…è‡ªå·±ä¸Ÿä¸€å€‹ç“¶å­ï¼š/throw","",""
"catch.text179","åŒ¿å","",""
"catch.text180","æœªè¨­å®š","",""
"catch.text181","âŒ å»ºç«‹å°è©±å¤±æ•—ï¼Œè«‹ç¨å¾Œå†è©¦ã€‚","",""
"catch.text182","âŒ é€™å€‹ç“¶å­å·²ç¶“è¢«å…¶ä»–äººæ’¿èµ°äº†ï¼Œè«‹è©¦è©¦å…¶ä»–ç“¶å­ï¼","",""
"catch.text183","æœªè¨­å®š","",""
"catch.text184","æœªè¨­å®š","",""
"catch.text185","æœªè¨­å®š","",""
"catch.text186","åŒ¿åç”¨æˆ¶","",""
"catch.text187","æœªè¨­å®š","",""
"catch.text188","æœªè¨­å®š","",""
"catch.text189","æœªè¨­å®š","",""
"catch.text190","ğŸ’¬ ç¿»è­¯æœå‹™æš«æ™‚æœ‰å•é¡Œï¼Œå·²ä½¿ç”¨å‚™æ´ç¿»è­¯
","",""
"catch.text191","âš ï¸ ç¿»è­¯æœå‹™æš«æ™‚ç„¡æ³•ä½¿ç”¨ï¼Œä»¥ä¸‹ç‚ºåŸæ–‡
","",""
"catch.text192","æœªè¨­å®š","",""
"catch.text193","ğŸ’¬ å›è¦†è¨Šæ¯","",""
"catch.text194","ğŸ’¬ å›è¦†è¨Šæ¯","",""
"catch.text195","ğŸ“Š æŸ¥çœ‹æ‰€æœ‰å°è©±","",""
"catch.text196","åŒ¿åç”¨æˆ¶","",""
"catch.text197","æœªè¨­å®š","",""
"catch.text198","â™‚ï¸ ç”·","",""
"catch.text199","â™€ï¸ å¥³","",""
"catch.text200","æœªè¨­å®š","",""
"catch.text201","æœªçŸ¥","",""
"catch.text202","ğŸ’¬ å›è¦†è¨Šæ¯","",""
"catch.text203","ğŸ“Š æŸ¥çœ‹æ‰€æœ‰å°è©±","",""
"chats.text204","æœªçŸ¥ç”¨æˆ¶","",""
"chats.text205","ç„¡è¨Šæ¯","",""
"chats.text206","å‰›å‰›","",""
"conversation_actions.text207","âŒ å°è©±ä¸å­˜åœ¨","",""
"conversation_actions.text208","âŒ å°è©±è³‡è¨ŠéŒ¯èª¤","",""
"conversation_actions.text209","âŒ ç”¨æˆ¶ä¸å­˜åœ¨","",""
"conversation_actions.text210","åŒ¿å","",""
"conversation_actions.text211","ğŸ‘¤ **å°æ–¹çš„è³‡æ–™å¡**

","",""
"conversation_actions.text212","ç”·","",""
"conversation_actions.text213","å¥³","",""
"conversation_actions.text214","ğŸ’¬ å›è¦†è¨Šæ¯","",""
"conversation_actions.text215","âŒ ç™¼ç”ŸéŒ¯èª¤","",""
"conversation_actions.text216","ğŸš« **ç¢ºå®šè¦å°é–é€™ä½ç”¨æˆ¶å—ï¼Ÿ**

","",""
"conversation_actions.text217","å°é–å¾Œï¼š
","",""
"conversation_actions.text218","â€¢ å°æ–¹ç„¡æ³•å†å‘ä½ ç™¼é€è¨Šæ¯
","",""
"conversation_actions.text219","â€¢ ä½ å€‘ä¸æœƒå†è¢«åŒ¹é…åˆ°
","",""
"conversation_actions.text220","â€¢ æ­¤å°è©±å°‡ç«‹å³çµæŸ

","",""
"conversation_actions.text221","ğŸ’¡ é€™ä¸æœƒèˆ‰å ±å°æ–¹ï¼Œåªæ˜¯ä¸æƒ³å†èŠå¤©ã€‚","",""
"conversation_actions.text222","âœ… ç¢ºå®šå°é–","",""
"conversation_actions.cancel","âŒ å–æ¶ˆ","",""
"conversation_actions.text223","âŒ ç™¼ç”ŸéŒ¯èª¤","",""
"conversation_actions.text224","ğŸš¨ **ç¢ºå®šè¦èˆ‰å ±é€™ä½ç”¨æˆ¶å—ï¼Ÿ**

","",""
"conversation_actions.text225","èˆ‰å ±å¾Œï¼š
","",""
"conversation_actions.text226","â€¢ æˆ‘å€‘æœƒå¯©æ ¸æ­¤ç”¨æˆ¶çš„è¡Œç‚º
","",""
"conversation_actions.text227","â€¢ å¤šæ¬¡è¢«èˆ‰å ±æœƒå°è‡´å°ç¦
","",""
"conversation_actions.text228","â€¢ æ­¤å°è©±å°‡ç«‹å³çµæŸ
","",""
"conversation_actions.text229","â€¢ 24å°æ™‚å…§ä¸æœƒå†åŒ¹é…åˆ°æ­¤ç”¨æˆ¶

","",""
"conversation_actions.text230","ğŸ’¡ è«‹ç¢ºä¿å°æ–¹ç¢ºå¯¦æœ‰ä¸ç•¶è¡Œç‚ºã€‚","",""
"conversation_actions.text231","âœ… ç¢ºå®šèˆ‰å ±","",""
"conversation_actions.text232","âŒ ç™¼ç”ŸéŒ¯èª¤","",""
"conversation_actions.text233","âŒ å°è©±ä¸å­˜åœ¨","",""
"conversation_actions.text234","âŒ å°è©±è³‡è¨ŠéŒ¯èª¤","",""
"conversation_actions.text235","âœ… å·²å°é–","",""
"conversation_actions.text236","âœ… **å·²å°é–æ­¤ç”¨æˆ¶**

","",""
"conversation_actions.text237","å°æ–¹å·²è¢«å°é–ï¼Œä½ å€‘ä¸æœƒå†è¢«åŒ¹é…åˆ°ã€‚

","",""
"conversation_actions.text238","ğŸ’¡ æƒ³è¦é–‹å§‹æ–°çš„å°è©±å—ï¼Ÿ
","",""
"conversation_actions.text239","â€¢ ä½¿ç”¨ /catch æ’¿èµ·æ–°çš„æ¼‚æµç“¶","",""
"conversation_actions.text240","ğŸ’¬ **å°è©±å·²çµæŸ**

","",""
"conversation_actions.text241","å°æ–¹çµæŸäº†é€™å€‹å°è©±ã€‚

","",""
"conversation_actions.text242","ğŸ’¡ æƒ³è¦é–‹å§‹æ–°çš„å°è©±å—ï¼Ÿ
","",""
"conversation_actions.text243","â€¢ ä½¿ç”¨ /catch æ’¿èµ·æ–°çš„æ¼‚æµç“¶","",""
"conversation_actions.text244","âŒ ç™¼ç”ŸéŒ¯èª¤","",""
"conversation_actions.text245","âŒ å°è©±ä¸å­˜åœ¨","",""
"conversation_actions.text246","âŒ å°è©±è³‡è¨ŠéŒ¯èª¤","",""
"conversation_actions.text247","âœ… å·²èˆ‰å ±","",""
"conversation_actions.text248","âœ… **å·²èˆ‰å ±æ­¤ç”¨æˆ¶**

","",""
"conversation_actions.text249","æ„Ÿè¬ä½ çš„èˆ‰å ±ï¼Œæˆ‘å€‘æœƒç›¡å¿«å¯©æ ¸ã€‚

","",""
"conversation_actions.text250","ğŸ’¡ æƒ³è¦é–‹å§‹æ–°çš„å°è©±å—ï¼Ÿ
","",""
"conversation_actions.text251","â€¢ ä½¿ç”¨ /catch æ’¿èµ·æ–°çš„æ¼‚æµç“¶","",""
"conversation_actions.text252","ğŸ’¬ **å°è©±å·²çµæŸ**

","",""
"conversation_actions.text253","å°æ–¹çµæŸäº†é€™å€‹å°è©±ã€‚

","",""
"conversation_actions.text254","ğŸ’¡ æƒ³è¦é–‹å§‹æ–°çš„å°è©±å—ï¼Ÿ
","",""
"conversation_actions.text255","â€¢ ä½¿ç”¨ /catch æ’¿èµ·æ–°çš„æ¼‚æµç“¶","",""
"conversation_actions.text256","âŒ ç™¼ç”ŸéŒ¯èª¤","",""
"conversation_actions.text257","å·²å–æ¶ˆ","",""
"conversation_actions.text258","âŒ ç™¼ç”ŸéŒ¯èª¤","",""
"country_confirmation.text259","âœ… æ­£ç¢º","",""
"country_confirmation.text260","âŒ ä¸æ­£ç¢º","",""
"country_confirmation.text261","ğŸ‡ºğŸ‡³ ä½¿ç”¨è¯åˆåœ‹æ——","",""
"country_confirmation.text262","âŒ ç”¨æˆ¶ä¸å­˜åœ¨","",""
"country_confirmation.text263","âœ… å·²ç¢ºèªï¼","",""
"country_confirmation.text264","âŒ ç¢ºèªå¤±æ•—","",""
"country_confirmation.text265","âŒ ç™¼ç”ŸéŒ¯èª¤","",""
"country_confirmation.text266","âŒ ç”¨æˆ¶ä¸å­˜åœ¨","",""
"country_confirmation.text267","âŒ è¨­ç½®å¤±æ•—","",""
"country_confirmation.text268","âŒ ç™¼ç”ŸéŒ¯èª¤","",""
"country_selection.text269","ğŸ‡¹ğŸ‡¼ å°ç£","",""
"country_selection.text270","ğŸ‡¨ğŸ‡³ ä¸­åœ‹","",""
"country_selection.text271","ğŸ‡­ğŸ‡° é¦™æ¸¯","",""
"country_selection.text272","ğŸ‡ºğŸ‡¸ ç¾åœ‹","",""
"country_selection.text273","ğŸ‡¯ğŸ‡µ æ—¥æœ¬","",""
"country_selection.text274","ğŸ‡°ğŸ‡· éŸ“åœ‹","",""
"country_selection.text275","ğŸ‡¬ğŸ‡§ è‹±åœ‹","",""
"country_selection.text276","ğŸ‡«ğŸ‡· æ³•åœ‹","",""
"country_selection.text277","ğŸ‡©ğŸ‡ª å¾·åœ‹","",""
"country_selection.text278","ğŸ‡¸ğŸ‡¬ æ–°åŠ å¡","",""
"country_selection.text279","ğŸ‡²ğŸ‡¾ é¦¬ä¾†è¥¿äº","",""
"country_selection.text280","ğŸ‡¹ğŸ‡­ æ³°åœ‹","",""
"country_selection.text281","ğŸ‡¦ğŸ‡º æ¾³æ´²","",""
"country_selection.text282","ğŸ‡¨ğŸ‡¦ åŠ æ‹¿å¤§","",""
"country_selection.text283","ğŸ‡³ğŸ‡¿ ç´è¥¿è˜­","",""
"country_selection.text284","ğŸ‡ºğŸ‡³ è¯åˆåœ‹æ——","",""
"dev.text285","âŒ æ­¤å‘½ä»¤åœ¨ç”Ÿç”¢ç’°å¢ƒä¸­ä¸å¯ç”¨ã€‚

This command is not available in production.","",""
"dev.text286","âœ… é–‹ç™¼æ¨¡å¼ï¼šæ•¸æ“šå·²é‡ç½®

","",""
"dev.text287","ä½ çš„æ‰€æœ‰æ•¸æ“šå·²è¢«åˆªé™¤ã€‚

","",""
"dev.text288","ğŸ’¡ ç¾åœ¨å¯ä»¥é‡æ–°é–‹å§‹æ¸¬è©¦è¨»å†Šæµç¨‹ã€‚

","",""
"dev.text289","ğŸ”„ é‡æ–°è¨»å†Šï¼š/start
","",""
"dev.text290","æˆ–ä½¿ç”¨ï¼š/dev_restartï¼ˆè‡ªå‹•é–‹å§‹è¨»å†Šï¼‰

","",""
"dev.text291","âš ï¸ æ³¨æ„ï¼šæ­¤åŠŸèƒ½åƒ…åœ¨ Staging ç’°å¢ƒå¯ç”¨ã€‚","",""
"dev.text292","âŒ æ­¤å‘½ä»¤åœ¨ç”Ÿç”¢ç’°å¢ƒä¸­ä¸å¯ç”¨ã€‚

This command is not available in production.","",""
"dev.text293","âŒ ç”¨æˆ¶ä¸å­˜åœ¨","",""
"dev.text294","ğŸ”§ é–‹ç™¼æ¨¡å¼ï¼šç”¨æˆ¶ä¿¡æ¯

","",""
"dev.text295","æœªè¨­ç½®","",""
"dev.text296","æ˜¯","",""
"dev.text297","å¦","",""
"dev.text298","æœªç”Ÿæˆ","",""
"dev.text299","ç„¡","",""
"dev.text300","âŒ ç²å–ä¿¡æ¯å¤±æ•—","",""
"dev.text301","âŒ æ­¤å‘½ä»¤åœ¨ç”Ÿç”¢ç’°å¢ƒä¸­ä¸å¯ç”¨ã€‚

This command is not available in production.","",""
"dev.text302","âŒ æ­¤å‘½ä»¤åœ¨ç”Ÿç”¢ç’°å¢ƒä¸­ä¸å¯ç”¨ã€‚

This command is not available in production.","",""
"dev.text303","æ¸¬è©¦ç”¨æˆ¶","",""
"dev.text304","âœ… é–‹ç™¼æ¨¡å¼ï¼šè·³éè¨»å†Š

","",""
"dev.text305","å·²è‡ªå‹•å®Œæˆè¨»å†Šæµç¨‹ã€‚

","",""
"dev.text306","ğŸ’¡ ç¾åœ¨å¯ä»¥ç›´æ¥æ¸¬è©¦æ ¸å¿ƒåŠŸèƒ½ï¼š
","",""
"dev.text307","â€¢ /throw - ä¸Ÿæ¼‚æµç“¶
","",""
"dev.text308","â€¢ /catch - æ’¿æ¼‚æµç“¶
","",""
"dev.text309","â€¢ /stats - æŸ¥çœ‹çµ±è¨ˆ

","",""
"dev.text310","âš ï¸ æ­¤åŠŸèƒ½åƒ…åœ¨ Staging ç’°å¢ƒå¯ç”¨ã€‚","",""
"dev.text311","âŒ è·³éå¤±æ•—","",""
"draft.text312","âœ… ç¹¼çºŒç·¨è¼¯è‰ç¨¿","",""
"draft.text313","âš ï¸ è‰ç¨¿ä¸å­˜åœ¨æˆ–å·²éæœŸ","",""
"draft.text314","è¦ç›´æ¥ç™¼é€é€™å€‹è‰ç¨¿å—ï¼Ÿ","",""
"draft.text315","âœ… ç™¼é€è‰ç¨¿","",""
"draft.text316","âœï¸ ä¿®æ”¹å…§å®¹","",""
"draft.text317","ğŸ—‘ï¸ åˆªé™¤è‰ç¨¿","",""
"draft.text318","âŒ ç™¼ç”ŸéŒ¯èª¤","",""
"draft.text319","âœ… è‰ç¨¿å·²åˆªé™¤","",""
"draft.text320","âŒ ç”¨æˆ¶ä¸å­˜åœ¨","",""
"draft.text321","ğŸ¾ ä¸Ÿæ¼‚æµç“¶

ä½ æƒ³è¦å°‹æ‰¾ä»€éº¼æ¨£çš„èŠå¤©å°è±¡ï¼Ÿ","",""
"draft.text322","ğŸ‘¨ ç”·ç”Ÿ","",""
"draft.text323","ğŸ‘© å¥³ç”Ÿ","",""
"draft.text324","ğŸŒˆ ä»»ä½•äººéƒ½å¯ä»¥","",""
"draft.text325","âš™ï¸ é€²éšç¯©é¸ï¼ˆMBTI/æ˜Ÿåº§ï¼‰","",""
"draft.text326","ğŸ¾ ä¸Ÿæ¼‚æµç“¶

","",""
"draft.text327","ä½ æƒ³è¦å°‹æ‰¾ä»€éº¼æ¨£çš„èŠå¤©å°è±¡ï¼Ÿ

","",""
"draft.text328","ğŸ’¡ å‡ç´š VIP å¯ä½¿ç”¨é€²éšç¯©é¸ï¼ˆMBTI/æ˜Ÿåº§ï¼‰ï¼š/vip","",""
"draft.text329","ğŸ‘¨ ç”·ç”Ÿ","",""
"draft.text330","ğŸ‘© å¥³ç”Ÿ","",""
"draft.text331","ğŸŒˆ ä»»ä½•äººéƒ½å¯ä»¥","",""
"draft.text332","âŒ ç™¼ç”ŸéŒ¯èª¤","",""
"draft.text333","âœ… é–‹å§‹æ–°çš„æ¼‚æµç“¶","",""
"draft.text334","âŒ ç”¨æˆ¶ä¸å­˜åœ¨","",""
"draft.text335","ğŸ¾ ä¸Ÿæ¼‚æµç“¶

ä½ æƒ³è¦å°‹æ‰¾ä»€éº¼æ¨£çš„èŠå¤©å°è±¡ï¼Ÿ","",""
"draft.text336","ğŸ‘¨ ç”·ç”Ÿ","",""
"draft.text337","ğŸ‘© å¥³ç”Ÿ","",""
"draft.text338","ğŸŒˆ ä»»ä½•äººéƒ½å¯ä»¥","",""
"draft.text339","âš™ï¸ é€²éšç¯©é¸ï¼ˆMBTI/æ˜Ÿåº§ï¼‰","",""
"draft.text340","ğŸ¾ ä¸Ÿæ¼‚æµç“¶

","",""
"draft.text341","ä½ æƒ³è¦å°‹æ‰¾ä»€éº¼æ¨£çš„èŠå¤©å°è±¡ï¼Ÿ

","",""
"draft.text342","ğŸ’¡ å‡ç´š VIP å¯ä½¿ç”¨é€²éšç¯©é¸ï¼ˆMBTI/æ˜Ÿåº§ï¼‰ï¼š/vip","",""
"draft.text343","ğŸ‘¨ ç”·ç”Ÿ","",""
"draft.text344","ğŸ‘© å¥³ç”Ÿ","",""
"draft.text345","ğŸŒˆ ä»»ä½•äººéƒ½å¯ä»¥","",""
"draft.text346","âŒ ç™¼ç”ŸéŒ¯èª¤","",""
"draft.text347","âš ï¸ è‰ç¨¿ä¸å­˜åœ¨æˆ–å·²éæœŸ","",""
"draft.text348","âœ… æ­£åœ¨ç™¼é€...","",""
"draft.text349","âŒ ç”¨æˆ¶ä¸å­˜åœ¨","",""
"draft.text350","âŒ ç™¼ç”ŸéŒ¯èª¤","",""
"draft.text351","âœï¸ è«‹è¼¸å…¥æ–°çš„å…§å®¹","",""
"draft.text352","âœï¸ è«‹è¼¸å…¥æ–°çš„æ¼‚æµç“¶å…§å®¹ï¼š

","",""
"draft.text353","ğŸ’¡ æç¤ºï¼š
","",""
"draft.text354","â€¢ æœ€çŸ­ 5 å€‹å­—ç¬¦
","",""
"draft.text355","â€¢ æœ€å¤š 250 å€‹å­—ç¬¦
","",""
"draft.text356","â€¢ ä¸å…è¨±é€£çµã€åœ–ç‰‡ã€å¤šåª’é«”
","",""
"draft.text357","â€¢ ä¸è¦åŒ…å«å€‹äººè¯çµ¡æ–¹å¼
","",""
"draft.text358","â€¢ å‹å–„ã€å°Šé‡çš„å…§å®¹æ›´å®¹æ˜“è¢«æ’¿åˆ°å“¦ï½","",""
"draft.text359","âŒ ç™¼ç”ŸéŒ¯èª¤","",""
"edit_profile.text360","ç”·ç”Ÿ","",""
"edit_profile.text361","å¥³ç”Ÿ","",""
"edit_profile.text362","ä»»ä½•äºº","",""
"edit_profile.text363","å¥³ç”Ÿï¼ˆé»˜èªï¼‰","",""
"edit_profile.text364","ç”·ç”Ÿï¼ˆé»˜èªï¼‰","",""
"edit_profile.text365","ç”·","",""
"edit_profile.text366","å¥³","",""
"edit_profile.text367","ğŸ“ ç·¨è¼¯æš±ç¨±","",""
"edit_profile.text368","ğŸ“– ç·¨è¼¯ç°¡ä»‹","",""
"edit_profile.text369","ğŸŒ ç·¨è¼¯åœ°å€","",""
"edit_profile.text370","ğŸ·ï¸ ç·¨è¼¯èˆˆè¶£","",""
"edit_profile.text371","ğŸ’ åŒ¹é…åå¥½","",""
"edit_profile.text372","ğŸ©¸ ç·¨è¼¯è¡€å‹","",""
"edit_profile.text373","ğŸ§  é‡æ–°æ¸¬è©¦ MBTI","",""
"edit_profile.back","â†©ï¸ è¿”å›","",""
"edit_profile.text374","âŒ ç™¼ç”ŸéŒ¯èª¤ï¼Œè«‹ç¨å¾Œå†è©¦ã€‚","",""
"edit_profile.text375","âŒ ç”¨æˆ¶ä¸å­˜åœ¨","",""
"edit_profile.text376","âš ï¸ è«‹å…ˆå®Œæˆè¨»å†Šæµç¨‹","",""
"edit_profile.text377","ç”·ç”Ÿ","",""
"edit_profile.text378","å¥³ç”Ÿ","",""
"edit_profile.text379","ä»»ä½•äºº","",""
"edit_profile.text380","å¥³ç”Ÿï¼ˆé»˜èªï¼‰","",""
"edit_profile.text381","ç”·ç”Ÿï¼ˆé»˜èªï¼‰","",""
"edit_profile.text382","ç”·","",""
"edit_profile.text383","å¥³","",""
"edit_profile.text384","ğŸ“ ç·¨è¼¯æš±ç¨±","",""
"edit_profile.text385","ğŸ“– ç·¨è¼¯ç°¡ä»‹","",""
"edit_profile.text386","ğŸŒ ç·¨è¼¯åœ°å€","",""
"edit_profile.text387","ğŸ·ï¸ ç·¨è¼¯èˆˆè¶£","",""
"edit_profile.text388","ğŸ’ åŒ¹é…åå¥½","",""
"edit_profile.text389","ğŸ©¸ ç·¨è¼¯è¡€å‹","",""
"edit_profile.text390","ğŸ§  é‡æ–°æ¸¬è©¦ MBTI","",""
"edit_profile.text391","âŒ ç™¼ç”ŸéŒ¯èª¤","",""
"edit_profile.text392","ğŸ“ **ç·¨è¼¯æš±ç¨±**

","",""
"edit_profile.text393","è«‹è¼¸å…¥æ–°çš„æš±ç¨±ï¼š

","",""
"edit_profile.text394","ğŸ’¡ æç¤ºï¼š
","",""
"edit_profile.text395","â€¢ æœ€å°‘ 4 å€‹å­—ç¬¦ï¼Œæœ€å¤š 36 å€‹å­—ç¬¦
","",""
"edit_profile.text396","â€¢ é¡¯ç¤ºæ™‚æœ€å¤š 18 å€‹å­—ç¬¦
","",""
"edit_profile.text397","â€¢ ä¸èƒ½åŒ…å«ç¶²å€é€£çµ
","",""
"edit_profile.text398","â€¢ é¿å…å»£å‘Šæˆ–ä¸ç•¶å…§å®¹

","",""
"edit_profile.text399","ğŸ’¡ è¼¸å…¥ /menu å¯éš¨æ™‚è¿”å›ä¸»é¸å–®","",""
"edit_profile.text400","âŒ ç™¼ç”ŸéŒ¯èª¤","",""
"edit_profile.text401","ğŸ“– **ç·¨è¼¯å€‹äººç°¡ä»‹**

","",""
"edit_profile.text402","è«‹è¼¸å…¥ä½ çš„å€‹äººç°¡ä»‹ï¼š

","",""
"edit_profile.text403","ğŸ’¡ æç¤ºï¼š
","",""
"edit_profile.text404","â€¢ æœ€å¤š 200 å€‹å­—ç¬¦
","",""
"edit_profile.text405","â€¢ ä»‹ç´¹ä½ çš„èˆˆè¶£ã€æ€§æ ¼æˆ–æƒ³èªªçš„è©±
","",""
"edit_profile.text406","â€¢ é¿å…åŒ…å«è¯çµ¡æ–¹å¼

","",""
"edit_profile.text407","ğŸ’¡ è¼¸å…¥ /menu å¯éš¨æ™‚è¿”å›ä¸»é¸å–®","",""
"edit_profile.text408","âŒ ç™¼ç”ŸéŒ¯èª¤","",""
"edit_profile.text409","ğŸŒ **ç·¨è¼¯åœ°å€**

","",""
"edit_profile.text410","è«‹è¼¸å…¥ä½ çš„åœ°å€ï¼š

","",""
"edit_profile.text411","ğŸ’¡ æç¤ºï¼š
","",""
"edit_profile.text412","â€¢ ä¾‹å¦‚ï¼šå°åŒ—ã€é¦™æ¸¯ã€æ±äº¬
","",""
"edit_profile.text413","â€¢ æœ€å¤š 50 å€‹å­—ç¬¦

","",""
"edit_profile.text414","ğŸ’¡ è¼¸å…¥ /menu å¯éš¨æ™‚è¿”å›ä¸»é¸å–®","",""
"edit_profile.text415","âŒ ç™¼ç”ŸéŒ¯èª¤","",""
"edit_profile.text416","âŒ ç”¨æˆ¶ä¸å­˜åœ¨ã€‚","",""
"edit_profile.text417","ğŸ’ **è¨­ç½®åŒ¹é…åå¥½**

","",""
"edit_profile.text418","ä½ æƒ³åœ¨ä¸Ÿæ¼‚æµç“¶æ™‚å°‹æ‰¾ä»€éº¼æ¨£çš„å°è±¡ï¼Ÿ

","",""
"edit_profile.text419","ğŸ’¡ æç¤ºï¼š
","",""
"edit_profile.text420","â€¢ é»˜èªç‚ºç•°æ€§ï¼ˆç”·ç”Ÿå°‹æ‰¾å¥³ç”Ÿï¼Œå¥³ç”Ÿå°‹æ‰¾ç”·ç”Ÿï¼‰
","",""
"edit_profile.text421","â€¢ ä½ å¯ä»¥éš¨æ™‚ä¿®æ”¹æ­¤è¨­ç½®","",""
"edit_profile.text422","ğŸ‘¨ ç”·ç”Ÿ","",""
"edit_profile.text423","ğŸ‘© å¥³ç”Ÿ","",""
"edit_profile.text424","ğŸŒˆ ä»»ä½•äººéƒ½å¯ä»¥","",""
"edit_profile.text425","âŒ ç™¼ç”ŸéŒ¯èª¤","",""
"edit_profile.text426","æ­£åœ¨æ›´æ–°...","",""
"edit_profile.text427","ç”·ç”Ÿ","",""
"edit_profile.text428","å¥³ç”Ÿ","",""
"edit_profile.text429","ä»»ä½•äºº","",""
"edit_profile.text430","âœï¸ ç¹¼çºŒç·¨è¼¯è³‡æ–™","",""
"edit_profile.text431","ğŸ  è¿”å›ä¸»é¸å–®","",""
"edit_profile.text432","âŒ ç™¼ç”ŸéŒ¯èª¤","",""
"edit_profile.text433","ğŸ·ï¸ **ç·¨è¼¯èˆˆè¶£æ¨™ç±¤**

","",""
"edit_profile.text434","è«‹è¼¸å…¥ä½ çš„èˆˆè¶£æ¨™ç±¤ï¼ˆç”¨é€—è™Ÿåˆ†éš”ï¼‰ï¼š

","",""
"edit_profile.text435","ğŸ’¡ æç¤ºï¼š
","",""
"edit_profile.text436","â€¢ ä¾‹å¦‚ï¼šéŸ³æ¨‚, é›»å½±, æ—…è¡Œ, ç¾é£Ÿ
","",""
"edit_profile.text437","â€¢ æœ€å¤š 5 å€‹æ¨™ç±¤
","",""
"edit_profile.text438","â€¢ æ¯å€‹æ¨™ç±¤æœ€å¤š 20 å€‹å­—ç¬¦

","",""
"edit_profile.text439","ğŸ’¡ è¼¸å…¥ /menu å¯éš¨æ™‚è¿”å›ä¸»é¸å–®","",""
"edit_profile.text440","âŒ ç™¼ç”ŸéŒ¯èª¤","",""
"edit_profile.text441","âŒ ç™¼ç”ŸéŒ¯èª¤","",""
"edit_profile.text442","âœ… è¡€å‹å·²æ¸…é™¤","",""
"edit_profile.text443","âœï¸ ç¹¼çºŒç·¨è¼¯è³‡æ–™","",""
"edit_profile.text444","ğŸ  è¿”å›ä¸»é¸å–®","",""
"edit_profile.text445","âŒ ç™¼ç”ŸéŒ¯èª¤","",""
"edit_profile.text446","âŒ æš±ç¨±å¤ªçŸ­ï¼Œè‡³å°‘éœ€è¦ 4 å€‹å­—ç¬¦ã€‚

è«‹é‡æ–°è¼¸å…¥æˆ–å–æ¶ˆç·¨è¼¯ï¼š","",""
"edit_profile.text447","âŒ å–æ¶ˆç·¨è¼¯","",""
"edit_profile.text448","âŒ æš±ç¨±å¤ªé•·ï¼Œè«‹è¼¸å…¥ä¸è¶…é 36 å€‹å­—ç¬¦çš„æš±ç¨±ã€‚

è«‹é‡æ–°è¼¸å…¥æˆ–å–æ¶ˆç·¨è¼¯ï¼š","",""
"edit_profile.text449","âŒ å–æ¶ˆç·¨è¼¯","",""
"edit_profile.text450","âŒ æš±ç¨±ä¸èƒ½åŒ…å«ç¶²å€é€£çµ

","",""
"edit_profile.text451","ğŸ’¡ è«‹è¼¸å…¥ä¸€å€‹ç°¡å–®çš„æš±ç¨±ï¼Œä¸è¦åŒ…å« http:// æˆ– https:// ç­‰é€£çµã€‚

","",""
"edit_profile.text452","è«‹é‡æ–°è¼¸å…¥æˆ–å–æ¶ˆç·¨è¼¯ï¼š","",""
"edit_profile.text453","âŒ å–æ¶ˆç·¨è¼¯","",""
"edit_profile.text454","âŒ ç™¼ç”ŸéŒ¯èª¤ï¼Œè«‹ç¨å¾Œå†è©¦ã€‚","",""
"edit_profile.text455","ç”·ç”Ÿ","",""
"edit_profile.text456","å¥³ç”Ÿ","",""
"edit_profile.text457","ä»»ä½•äºº","",""
"edit_profile.text458","å¥³ç”Ÿï¼ˆé»˜èªï¼‰","",""
"edit_profile.text459","ç”·ç”Ÿï¼ˆé»˜èªï¼‰","",""
"edit_profile.text460","ç”·","",""
"edit_profile.text461","å¥³","",""
"edit_profile.text462","ğŸ“ ç·¨è¼¯æš±ç¨±","",""
"edit_profile.text463","ğŸ“– ç·¨è¼¯ç°¡ä»‹","",""
"edit_profile.text464","ğŸŒ ç·¨è¼¯åœ°å€","",""
"edit_profile.text465","ğŸ·ï¸ ç·¨è¼¯èˆˆè¶£","",""
"edit_profile.text466","ğŸ’ åŒ¹é…åå¥½","",""
"edit_profile.text467","ğŸ©¸ ç·¨è¼¯è¡€å‹","",""
"edit_profile.text468","ğŸ§  é‡æ–°æ¸¬è©¦ MBTI","",""
"edit_profile.text469","ğŸ  è¿”å›ä¸»é¸å–®","",""
"edit_profile.text470","âŒ å€‹äººç°¡ä»‹å¤ªé•·ï¼Œè«‹è¼¸å…¥ä¸è¶…é 200 å€‹å­—ç¬¦ã€‚

è«‹é‡æ–°è¼¸å…¥æˆ–å–æ¶ˆç·¨è¼¯ï¼š","",""
"edit_profile.text471","âŒ å–æ¶ˆç·¨è¼¯","",""
"edit_profile.text472","âŒ å€‹äººç°¡ä»‹åŒ…å«ä¸å…è¨±çš„é€£çµã€‚

","",""
"edit_profile.text473","ç‚ºäº†å®‰å…¨ï¼Œåªå…è¨±ä»¥ä¸‹ç¶²åŸŸçš„é€£çµï¼š
","",""
"edit_profile.text474","è«‹ç§»é™¤é€™äº›é€£çµå¾Œé‡æ–°è¼¸å…¥æˆ–å–æ¶ˆç·¨è¼¯ï¼š","",""
"edit_profile.text475","âŒ å–æ¶ˆç·¨è¼¯","",""
"edit_profile.text476","âœï¸ ç¹¼çºŒç·¨è¼¯è³‡æ–™","",""
"edit_profile.text477","ğŸ  è¿”å›ä¸»é¸å–®","",""
"edit_profile.text478","âŒ åœ°å€åç¨±å¤ªé•·ï¼Œè«‹è¼¸å…¥ä¸è¶…é 50 å€‹å­—ç¬¦ã€‚

è«‹é‡æ–°è¼¸å…¥æˆ–å–æ¶ˆç·¨è¼¯ï¼š","",""
"edit_profile.text479","âŒ å–æ¶ˆç·¨è¼¯","",""
"edit_profile.text480","âœï¸ ç¹¼çºŒç·¨è¼¯è³‡æ–™","",""
"edit_profile.text481","ğŸ  è¿”å›ä¸»é¸å–®","",""
"edit_profile.text482","âŒ æœ€å¤šåªèƒ½è¨­å®š 5 å€‹èˆˆè¶£æ¨™ç±¤ã€‚

è«‹é‡æ–°è¼¸å…¥æˆ–å–æ¶ˆç·¨è¼¯ï¼š","",""
"edit_profile.text483","âŒ å–æ¶ˆç·¨è¼¯","",""
"edit_profile.text484","âŒ æ¯å€‹æ¨™ç±¤æœ€å¤š 20 å€‹å­—ç¬¦ã€‚

è«‹é‡æ–°è¼¸å…¥æˆ–å–æ¶ˆç·¨è¼¯ï¼š","",""
"edit_profile.text485","âŒ å–æ¶ˆç·¨è¼¯","",""
"edit_profile.text486","âœï¸ ç¹¼çºŒç·¨è¼¯è³‡æ–™","",""
"edit_profile.text487","ğŸ  è¿”å›ä¸»é¸å–®","",""
"help.text488","âŒ ç³»çµ±ç™¼ç”ŸéŒ¯èª¤ï¼Œè«‹ç¨å¾Œå†è©¦ã€‚","",""
"help.text489","âŒ ç³»çµ±ç™¼ç”ŸéŒ¯èª¤ï¼Œè«‹ç¨å¾Œå†è©¦ã€‚","",""
"history.text490","âŒ ç”¨æˆ¶ä¸å­˜åœ¨ï¼Œè«‹å…ˆä½¿ç”¨ /start è¨»å†Šã€‚","",""
"history.text491","âŒ è«‹å…ˆå®Œæˆè¨»å†Šæµç¨‹ã€‚

ä½¿ç”¨ /start ç¹¼çºŒè¨»å†Šã€‚","",""
"history.text492","âŒ ç™¼ç”ŸéŒ¯èª¤ï¼Œè«‹ç¨å¾Œå†è©¦ã€‚","",""
"history.text493","ğŸ’¬ ä½ é‚„æ²’æœ‰ä»»ä½•å°è©±è¨˜éŒ„

","",""
"history.text494","å¿«å»ä¸Ÿç“¶å­èªè­˜æ–°æœ‹å‹å§ï¼ /throw

","",""
"history.text495","ğŸ  è¿”å›ä¸»é¸å–®ï¼š/menu","",""
"history.text496","ğŸ’¬ **ä½ çš„èŠå¤©è¨˜éŒ„**

","",""
"history.text497","(ç„¡è¨Šæ¯)","",""
"history.text498","ä½¿ç”¨ /history æŸ¥çœ‹æ‰€æœ‰å°è©±

","",""
"history.text499","ğŸ  è¿”å›ä¸»é¸å–®ï¼š/menu","",""
"history.text500","(å°šç„¡è¨Šæ¯)

","",""
"history.text501","ä½ ","",""
"history.text502","ğŸ’¬ ç¹¼çºŒå°è©±","",""
"history.text503","ğŸ  è¿”å›ä¸»é¸å–®","",""
"history.text504","å‰›å‰›","",""
"invite_activation.text505","æ–°ç”¨æˆ¶","",""
"invite_activation.text506","å…è²»","",""
"language_selection.back","â¬…ï¸ è¿”å› / Back","",""
"language_selection.text507","âœï¸ è‡ªè¨‚æš±ç¨±","",""
"maintenance.text508","âŒ ä½¿ç”¨æ–¹æ³•éŒ¯èª¤

","",""
"maintenance.text509","**æ­£ç¢ºæ ¼å¼ï¼š**
","",""
"maintenance.text510","**ç¤ºä¾‹ï¼š**
","",""
"maintenance.text511","âŒ æ™‚é•·å¿…é ˆæ˜¯æ•¸å­—ï¼ˆåˆ†é˜ï¼‰","",""
"maintenance.text512","âŒ å•Ÿç”¨ç¶­è­·æ¨¡å¼å¤±æ•—ã€‚","",""
"maintenance.text513","âœ… ç³»çµ±ç¶­è­·å·²å®Œæˆ

","",""
"maintenance.text514","æœå‹™å·²æ¢å¾©æ­£å¸¸ï¼Œæ„Ÿè¬æ‚¨çš„è€å¿ƒç­‰å¾…ï¼

","",""
"maintenance.text515","ç¾åœ¨å¯ä»¥æ­£å¸¸ä½¿ç”¨æ‰€æœ‰åŠŸèƒ½äº†ã€‚","",""
"maintenance.text516","âŒ é—œé–‰ç¶­è­·æ¨¡å¼å¤±æ•—ã€‚","",""
"maintenance.text517","âŒ ç„¡æ³•ç²å–ç¶­è­·æ¨¡å¼ç‹€æ…‹","",""
"maintenance.text518","âŒ æŸ¥è©¢ç¶­è­·æ¨¡å¼ç‹€æ…‹å¤±æ•—ã€‚","",""
"mbti.text519","ğŸ§  **MBTI æ€§æ ¼é¡å‹ç®¡ç†**

","",""
"mbti.text520","æ‰‹å‹•è¼¸å…¥","",""
"mbti.text521","æ¸¬é©—çµæœ","",""
"mbti.text522","æœªçŸ¥","",""
"mbti.text523","ğŸ“ é‡æ–°é€²è¡Œæ¸¬é©—","",""
"mbti.text524","âœï¸ æ‰‹å‹•è¼¸å…¥ MBTI","",""
"mbti.text525","â†©ï¸ è¿”å›ç·¨è¼¯è³‡æ–™","",""
"mbti.text526","ğŸ“‹ å¿«é€Ÿç‰ˆï¼ˆ12 é¡Œï¼‰","",""
"mbti.text527","ğŸ“š å®Œæ•´ç‰ˆï¼ˆ36 é¡Œï¼‰","",""
"mbti.back","â†©ï¸ è¿”å›","",""
"mbti.text528","âŒ ç³»çµ±ç™¼ç”ŸéŒ¯èª¤","",""
"mbti.text529","âœ… é–‹å§‹å¿«é€Ÿç‰ˆæ¸¬é©—","",""
"mbti.text530","âŒ ç³»çµ±ç™¼ç”ŸéŒ¯èª¤","",""
"mbti.text531","âœ… é–‹å§‹å®Œæ•´ç‰ˆæ¸¬é©—","",""
"mbti.text532","âŒ ç³»çµ±ç™¼ç”ŸéŒ¯èª¤","",""
"mbti.cancel","âŒ å–æ¶ˆ","",""
"mbti.text533","âŒ ç³»çµ±ç™¼ç”ŸéŒ¯èª¤","",""
"mbti.text534","âœ… MBTI å·²æ¸…é™¤","",""
"mbti.text535","âŒ ç³»çµ±ç™¼ç”ŸéŒ¯èª¤","",""
"mbti.text536","å·²å–æ¶ˆ","",""
"mbti.text537","âŒ ç³»çµ±ç™¼ç”ŸéŒ¯èª¤","",""
"mbti.text538","âš ï¸ ç„¡æ•ˆçš„ MBTI é¡å‹","",""
"mbti.text539","âŒ ç³»çµ±ç™¼ç”ŸéŒ¯èª¤","",""
"mbti_test.text540","MBTI å®Œæ•´æ¸¬é©—","",""
"mbti_test.text541","MBTI å¿«é€Ÿæ¸¬é©—","",""
"mbti_test.text542","36 é¡Œ","",""
"mbti_test.text543","12 é¡Œ","",""
"mbti_test.text544","âš ï¸ ç”¨æˆ¶ä¸å­˜åœ¨","",""
"mbti_test.text545","âš ï¸ æ¸¬é©—å·²çµæŸæˆ–ä¸å­˜åœ¨","",""
"mbti_test.text546","âš ï¸ å•é¡Œé †åºéŒ¯èª¤","",""
"mbti_test.text547","âœ… å·²è¨˜éŒ„","",""
"mbti_test.text548","âŒ ç³»çµ±ç™¼ç”ŸéŒ¯èª¤","",""
"mbti_test.text549","å®Œæ•´æ¸¬é©—","",""
"mbti_test.text550","å¿«é€Ÿæ¸¬é©—","",""
"mbti_test.text551","36 é¡Œ","",""
"mbti_test.text552","12 é¡Œ","",""
"mbti_test.text553","çµæœæ›´æº–ç¢º","",""
"mbti_test.text554","çµæœåƒ…ä¾›åƒè€ƒ","",""
"mbti_test.text555","ğŸ§  MBTI é¸å–®","",""
"mbti_test.text556","ğŸ  è¿”å›ä¸»é¸å–®","",""
"mbti_test.text557","âœ… æ˜¯çš„ï¼Œæˆ‘äº†è§£ä¸¦æœƒæ³¨æ„å®‰å…¨","",""
"mbti_test.text558","ğŸ“š æˆ‘æƒ³äº†è§£æ›´å¤šå®‰å…¨çŸ¥è­˜","",""
"menu.text559","âš ï¸ ç„¡æ³•ç²å–é‚€è«‹ç¢¼","",""
"menu.text560","ğŸ“¤ åˆ†äº«é‚€è«‹ç¢¼","",""
"menu.text561","ğŸ“Š æŸ¥çœ‹é‚€è«‹çµ±è¨ˆ","",""
"menu.text562","ğŸ  è¿”å›ä¸»é¸å–®","",""
"menu.text563","âš ï¸ æœªçŸ¥çš„é¸é …","",""
"menu.text564","âŒ ç³»çµ±ç™¼ç”ŸéŒ¯èª¤","",""
"menu.text565","ğŸ  è¿”å›ä¸»é¸å–®","",""
"menu.text566","âœ… æ­£åœ¨åŠ è¼‰...","",""
"menu.text567","âŒ ç³»çµ±ç™¼ç”ŸéŒ¯èª¤","",""
"message_forward.text568","âš ï¸ **ä¸å…è¨±ç™¼é€åœ–ç‰‡ã€å½±ç‰‡æˆ–å¤šåª’é«”**

","",""
"message_forward.text569","ğŸ’¡ ç‚ºäº†ä¿è­·éš±ç§å’Œå®‰å…¨ï¼Œå°è©±ä¸­åªå…è¨±ç´”æ–‡å­—è¨Šæ¯ã€‚

","",""
"message_forward.text570","è«‹ä½¿ç”¨æ–‡å­—è¨Šæ¯èˆ‡å°æ–¹äº¤æµã€‚","",""
"message_forward.text571","âš ï¸ æ‰¾ä¸åˆ°æŒ‡å®šçš„å°è©±ï¼Œå¯èƒ½å·²çµæŸæˆ–éæœŸã€‚","",""
"message_forward.text572","âš ï¸ æ‰¾ä¸åˆ°æŒ‡å®šçš„å°è©±ï¼Œå¯èƒ½å·²çµæŸæˆ–éæœŸã€‚","",""
"message_forward.text573","âŒ æ­¤å°è©±å·²çµæŸã€‚

ä½¿ç”¨ /catch æ’¿æ–°çš„æ¼‚æµç“¶é–‹å§‹æ–°å°è©±ã€‚","",""
"message_forward.text574","ğŸ’¡ è«‹é•·æŒ‰ä½ è¦å›å¾©çš„æ¶ˆæ¯ï¼Œåœ¨å‡ºç¾çš„é¸å–®ä¸­é¸æ“‡ã€Œå›è¦†ã€å¾Œï¼Œåœ¨èŠå¤©æ¡†ä¸­è¼¸å…¥å›å¾©å…§å®¹ã€‚","",""
"message_forward.text575","âš ï¸ **è¨Šæ¯åŒ…å«ä¸å…è¨±çš„é€£çµ**

","",""
"message_forward.text576","ç‚ºäº†å®‰å…¨ï¼Œåªå…è¨±ä»¥ä¸‹ç¶²åŸŸçš„é€£çµï¼š
","",""
"message_forward.text577","ğŸ’¡ è«‹ç§»é™¤é€™äº›é€£çµå¾Œé‡æ–°ç™¼é€ã€‚","",""
"message_forward.text578","ğŸ’¡ VIP ç”¨æˆ¶æ¯æ—¥å¯ç™¼é€ 100 å‰‡è¨Šæ¯ã€‚","",""
"message_forward.text579","ğŸ’¡ å‡ç´š VIP å¯ç²å¾—æ›´å¤šé…é¡ï¼ˆ100 å‰‡/å¤©ï¼‰ï¼š/vip","",""
"message_forward.text580","âŒ å°è©±è³‡è¨ŠéŒ¯èª¤ã€‚","",""
"message_forward.text581","âŒ å°æ–¹ç”¨æˆ¶ä¸å­˜åœ¨ã€‚","",""
"message_forward.text582","âŒ ç™¼é€è€…è³‡è¨ŠéŒ¯èª¤ã€‚","",""
"message_forward.text583","åŒ¿åç”¨æˆ¶","",""
"message_forward.text584","åŒ¿åç”¨æˆ¶","",""
"message_forward.text585","âš ï¸ ç”¨æˆ¶ä¸å­˜åœ¨","",""
"message_forward.text586","âš ï¸ å°è©±ä¸å­˜åœ¨æˆ–å·²çµæŸ","",""
"message_forward.text587","âš ï¸ å°è©±ä¸å­˜åœ¨æˆ–å·²çµæŸ","",""
"message_forward.text588","âš ï¸ æ­¤å°è©±å·²çµæŸ","",""
"message_forward.text589","ğŸ’¡ è«‹åœ¨ä¸‹æ–¹è¼¸å…¥æ¡†è¼¸å…¥å…§å®¹","",""
"message_forward.text590","âŒ ç³»çµ±ç™¼ç”ŸéŒ¯èª¤","",""
"nickname_callback.text591","âŒ ç”¨æˆ¶ä¸å­˜åœ¨","",""
"nickname_callback.text592","âŒ ç„¡æ³•ç²å– Telegram æš±ç¨±","",""
"nickname_callback.text593","âœ… æš±ç¨±å·²è¨­å®š","",""
"nickname_callback.text594","ğŸ‘¨ ç”·æ€§","",""
"nickname_callback.text595","ğŸ‘© å¥³æ€§","",""
"nickname_callback.text596","âŒ ç™¼ç”ŸéŒ¯èª¤","",""
"nickname_callback.text597","âŒ ç™¼ç”ŸéŒ¯èª¤","",""
"official_ad.text598","âŒ ç”¨æˆ¶ä¸å­˜åœ¨","",""
"official_ad.text599","âœ… ä½ å·²ç¶“çœ‹éæ‰€æœ‰å®˜æ–¹å»£å‘Šäº†ï¼","",""
"official_ad.text600","âŒ æš«ç„¡å¯ç”¨çš„å»£å‘Š","",""
"official_ad.text601","âœ… é ˜å–çå‹µ","",""
"official_ad.text602","â¡ï¸ ä¸‹ä¸€å€‹å»£å‘Š","",""
"official_ad.text603","âŒ é—œé–‰","",""
"official_ad.text604","âŒ ç™¼ç”ŸéŒ¯èª¤ï¼Œè«‹ç¨å¾Œå†è©¦","",""
"official_ad.text605","âŒ ç”¨æˆ¶ä¸å­˜åœ¨","",""
"official_ad.text606","âŒ å»£å‘Šä¸å­˜åœ¨","",""
"official_ad.text607","âŒ ç„¡æ³•é ˜å–æ­¤å»£å‘Š","",""
"official_ad.text608","ç„¡é™","",""
"official_ad.text609","ğŸ’¡ é‚„æœ‰æ›´å¤šå®˜æ–¹å»£å‘Šå¯ä»¥è§€çœ‹ï¼","",""
"official_ad.text610","âœ… ä½ å·²ç¶“çœ‹éæ‰€æœ‰å®˜æ–¹å»£å‘Šäº†","",""
"official_ad.text611","âŒ ç™¼ç”ŸéŒ¯èª¤ï¼Œè«‹ç¨å¾Œå†è©¦","",""
"official_ad.text612","âŒ ç”¨æˆ¶ä¸å­˜åœ¨","",""
"official_ad.text613","âŒ å»£å‘Šä¸å­˜åœ¨","",""
"official_ad.text614","âŒ æ­¤å»£å‘Šä¸éœ€è¦é©—è­‰","",""
"official_ad.text615","ç„¡é™","",""
"official_ad.text616","âŒ ç™¼ç”ŸéŒ¯èª¤ï¼Œè«‹ç¨å¾Œå†è©¦","",""
"official_ad.text617","âŒ ä½ æ²’æœ‰æ¬Šé™æŸ¥çœ‹å»£å‘Šçµ±è¨ˆ","",""
"official_ad.text618","âŒ å»£å‘Šä¸å­˜åœ¨","",""
"official_ad.text619","ğŸ“Š æš«ç„¡å®˜æ–¹å»£å‘Š","",""
"official_ad.text620","ğŸ“Š **å®˜æ–¹å»£å‘Šçµ±è¨ˆ**

","",""
"official_ad.text621","ğŸ’¡ ä½¿ç”¨ /ad_stats {id} æŸ¥çœ‹è©³ç´°çµ±è¨ˆ","",""
"official_ad.text622","âŒ ç²å–çµ±è¨ˆæ•¸æ“šå¤±æ•—","",""
"onboarding_callback.text623","âŒ ç”¨æˆ¶ä¸å­˜åœ¨","",""
"onboarding_callback.text624","âš ï¸ ç•¶å‰ä¸åœ¨æ€§åˆ¥é¸æ“‡æ­¥é©Ÿ","",""
"onboarding_callback.text625","ğŸ‘¨ ç”·æ€§","",""
"onboarding_callback.text626","ğŸ‘© å¥³æ€§","",""
"onboarding_callback.confirm","âœ… ç¢ºèª","",""
"onboarding_callback.text627","âŒ é‡æ–°é¸æ“‡","",""
"onboarding_callback.text628","âŒ ç™¼ç”ŸéŒ¯èª¤","",""
"onboarding_callback.text629","âŒ ç”¨æˆ¶ä¸å­˜åœ¨","",""
"onboarding_callback.text630","âœ… æ€§åˆ¥å·²ä¿å­˜","",""
"onboarding_callback.text631","âŒ ç™¼ç”ŸéŒ¯èª¤","",""
"onboarding_callback.text632","ğŸ‘¨ ç”·æ€§","",""
"onboarding_callback.text633","ğŸ‘© å¥³æ€§","",""
"onboarding_callback.text634","âŒ ç™¼ç”ŸéŒ¯èª¤","",""
"onboarding_callback.text635","âŒ ç”¨æˆ¶ä¸å­˜åœ¨","",""
"onboarding_callback.text636","âš ï¸ ç•¶å‰ä¸åœ¨ç”Ÿæ—¥è¼¸å…¥æ­¥é©Ÿ","",""
"onboarding_callback.text637","âŒ ç”Ÿæ—¥æ ¼å¼éŒ¯èª¤","",""
"onboarding_callback.text638","âœ… ç”Ÿæ—¥å·²ä¿å­˜","",""
"onboarding_callback.text639","âŒ ç™¼ç”ŸéŒ¯èª¤","",""
"onboarding_callback.text640","âŒ ç”¨æˆ¶ä¸å­˜åœ¨","",""
"onboarding_callback.text641","âš ï¸ ç•¶å‰ä¸åœ¨è¡€å‹é¸æ“‡æ­¥é©Ÿ","",""
"onboarding_callback.text642","âœ… å·²è·³éè¡€å‹è¨­å®š","",""
"onboarding_callback.text643","âœï¸ æˆ‘å·²ç¶“çŸ¥é“æˆ‘çš„ MBTI","",""
"onboarding_callback.text644","ğŸ“ é€²è¡Œå¿«é€Ÿæ¸¬é©—ï¼ˆ12 é¡Œï¼Œåƒ…ä¾›åƒè€ƒï¼‰","",""
"onboarding_callback.text645","â­ï¸ ç¨å¾Œå†èªª","",""
"onboarding_callback.text646","âŒ ç™¼ç”ŸéŒ¯èª¤","",""
"onboarding_callback.text647","âŒ ç™¼ç”ŸéŒ¯èª¤","",""
"onboarding_callback.text648","âŒ ç”¨æˆ¶ä¸å­˜åœ¨","",""
"onboarding_callback.back","â¬…ï¸ è¿”å›","",""
"onboarding_callback.text649","âŒ ç™¼ç”ŸéŒ¯èª¤","",""
"onboarding_callback.text650","âŒ ç”¨æˆ¶ä¸å­˜åœ¨","",""
"onboarding_callback.text651","âœ… é–‹å§‹æ¸¬é©—","",""
"onboarding_callback.text652","âŒ ç™¼ç”ŸéŒ¯èª¤","",""
"onboarding_callback.text653","âŒ ç”¨æˆ¶ä¸å­˜åœ¨","",""
"onboarding_callback.text654","âœ… å·²è·³é","",""
"onboarding_callback.text655","âœ… æ˜¯çš„ï¼Œæˆ‘äº†è§£ä¸¦æœƒæ³¨æ„å®‰å…¨","",""
"onboarding_callback.text656","ğŸ“š æˆ‘æƒ³äº†è§£æ›´å¤šå®‰å…¨çŸ¥è­˜","",""
"onboarding_callback.text657","âŒ ç™¼ç”ŸéŒ¯èª¤","",""
"onboarding_callback.text658","âŒ ç”¨æˆ¶ä¸å­˜åœ¨","",""
"onboarding_callback.text659","âœï¸ æˆ‘å·²ç¶“çŸ¥é“æˆ‘çš„ MBTI","",""
"onboarding_callback.text660","ğŸ“ é€²è¡Œå¿«é€Ÿæ¸¬é©—ï¼ˆ12 é¡Œï¼Œåƒ…ä¾›åƒè€ƒï¼‰","",""
"onboarding_callback.text661","â­ï¸ ç¨å¾Œå†èªª","",""
"onboarding_callback.text662","âŒ ç™¼ç”ŸéŒ¯èª¤","",""
"onboarding_callback.text663","âŒ ç”¨æˆ¶ä¸å­˜åœ¨","",""
"onboarding_callback.text664","âŒ ç„¡æ•ˆçš„ MBTI é¡å‹","",""
"onboarding_callback.text665","âœ… æ˜¯çš„ï¼Œæˆ‘äº†è§£ä¸¦æœƒæ³¨æ„å®‰å…¨","",""
"onboarding_callback.text666","ğŸ“š æˆ‘æƒ³äº†è§£æ›´å¤šå®‰å…¨çŸ¥è­˜","",""
"onboarding_callback.text667","âŒ ç™¼ç”ŸéŒ¯èª¤","",""
"onboarding_callback.text668","âŒ ç”¨æˆ¶ä¸å­˜åœ¨","",""
"onboarding_callback.text669","âš ï¸ ç•¶å‰ä¸åœ¨ MBTI æ¸¬é©—æ­¥é©Ÿ","",""
"onboarding_callback.text670","âœ… æ˜¯çš„ï¼Œæˆ‘äº†è§£ä¸¦æœƒæ³¨æ„å®‰å…¨","",""
"onboarding_callback.text671","ğŸ“š æˆ‘æƒ³äº†è§£æ›´å¤šå®‰å…¨çŸ¥è­˜","",""
"onboarding_callback.text672","âŒ ç™¼ç”ŸéŒ¯èª¤","",""
"onboarding_callback.text673","âŒ ç”¨æˆ¶ä¸å­˜åœ¨","",""
"onboarding_callback.text674","âš ï¸ ç•¶å‰ä¸åœ¨åè©é¨™æ¸¬é©—æ­¥é©Ÿ","",""
"onboarding_callback.text675","âœ… å®‰å…¨ç¢ºèªå®Œæˆ","",""
"onboarding_callback.text676","âœ… æˆ‘å·²é–±è®€ä¸¦åŒæ„","",""
"onboarding_callback.text677","âŒ ç™¼ç”ŸéŒ¯èª¤","",""
"onboarding_callback.text678","âœ… æˆ‘äº†è§£äº†ï¼Œç¹¼çºŒè¨»å†Š","",""
"onboarding_callback.text679","âŒ ç™¼ç”ŸéŒ¯èª¤","",""
"onboarding_callback.text680","âŒ ç”¨æˆ¶ä¸å­˜åœ¨","",""
"onboarding_callback.text681","âš ï¸ ç•¶å‰ä¸åœ¨æœå‹™æ¢æ¬¾æ­¥é©Ÿ","",""
"onboarding_callback.text682","âœ… è¨»å†Šå®Œæˆï¼","",""
"onboarding_callback.text683","âŒ ç™¼ç”ŸéŒ¯èª¤","",""
"onboarding_callback.text684","ç”·æ€§","",""
"onboarding_callback.text685","å¥³æ€§","",""
"onboarding_callback.text686","ğŸŒŠ ä¸Ÿå‡ºæ¼‚æµç“¶","",""
"onboarding_callback.text687","ğŸ£ æ’¿èµ·æ¼‚æµç“¶","",""
"onboarding_callback.text688","ğŸ‘¤ å€‹äººè³‡æ–™","",""
"onboarding_callback.text689","ğŸ“Š çµ±è¨ˆ","",""
"onboarding_callback.text690","âŒ ç™¼ç”ŸéŒ¯èª¤","",""
"onboarding_input.text691","âŒ ç™¼ç”ŸéŒ¯èª¤ï¼Œè«‹é‡æ–°è¼¸å…¥ã€‚","",""
"onboarding_input.text692","ğŸ‘¨ ç”·æ€§","",""
"onboarding_input.text693","ğŸ‘© å¥³æ€§","",""
"onboarding_input.confirm","âœ… ç¢ºèª","",""
"onboarding_input.text694","âŒ é‡æ–°è¼¸å…¥","",""
"onboarding_input.text695","æ˜¯","",""
"onboarding_input.text696","âœ… æˆ‘å·²é–±è®€ä¸¦åŒæ„","",""
"refresh_avatar.text697","âŒ ç”¨æˆ¶ä¸å­˜åœ¨ï¼Œè«‹å…ˆè¨»å†Š","",""
"refresh_avatar.text698","ğŸ”„ æ­£åœ¨åˆ·æ–°é ­åƒ...

","",""
"refresh_avatar.text699","é€™å¯èƒ½éœ€è¦å¹¾ç§’é˜æ™‚é–“ã€‚","",""
"refresh_avatar.text700","âœ… **é ­åƒå·²æ›´æ–°ï¼**

","",""
"refresh_avatar.text701","æ‚¨çš„é ­åƒç·©å­˜å·²åˆ·æ–°ï¼Œä¸‹æ¬¡æŸ¥çœ‹å°è©±æ­·å²æ™‚å°‡é¡¯ç¤ºæœ€æ–°é ­åƒã€‚

","",""
"refresh_avatar.text702","ğŸ’¡ **æç¤ºï¼š**
","",""
"refresh_avatar.text703","â€¢ é ­åƒæœƒè‡ªå‹•æ¯ 7 å¤©æ›´æ–°ä¸€æ¬¡
","",""
"refresh_avatar.text704","â€¢ å¦‚æœæ‚¨æ›´æ›äº† Telegram é ­åƒï¼Œç³»çµ±æœƒè‡ªå‹•æª¢æ¸¬
","",""
"refresh_avatar.text705","â€¢ æ‚¨ä¹Ÿå¯ä»¥éš¨æ™‚ä½¿ç”¨æ­¤å‘½ä»¤æ‰‹å‹•åˆ·æ–°","",""
"refresh_avatar.text706","âŒ åˆ·æ–°é ­åƒå¤±æ•—

","",""
"refresh_avatar.text707","è«‹ç¨å¾Œå†è©¦ï¼Œæˆ–è¯ç¹«ç®¡ç†å“¡ã€‚","",""
"refresh_conversations.text708","âŒ ç”¨æˆ¶ä¸å­˜åœ¨ï¼Œè«‹å…ˆè¨»å†Š","",""
"refresh_conversations.text709","ğŸ”„ æ­£åœ¨åˆ·æ–°æ‰€æœ‰å°è©±æ­·å²...

","",""
"refresh_conversations.text710","é€™å¯èƒ½éœ€è¦ä¸€äº›æ™‚é–“ï¼Œè«‹ç¨å€™ã€‚","",""
"refresh_conversations.text711","ğŸ’¡ **æ²’æœ‰æ‰¾åˆ°å°è©±æ­·å²**

","",""
"refresh_conversations.text712","æ‚¨é‚„æ²’æœ‰ä»»ä½•å°è©±è¨˜éŒ„ã€‚

","",""
"refresh_conversations.text713","ä½¿ç”¨ /throw ä¸Ÿå‡ºæ¼‚æµç“¶é–‹å§‹èŠå¤©å§ï¼","",""
"refresh_conversations.text714","âŒ åˆ·æ–°å°è©±æ­·å²å¤±æ•—

","",""
"refresh_conversations.text715","è«‹ç¨å¾Œå†è©¦ï¼Œæˆ–è¯ç¹«ç®¡ç†å“¡ã€‚","",""
"report.text716","âš ï¸ ç”¨æˆ¶ä¸å­˜åœ¨ï¼Œè«‹å…ˆä½¿ç”¨ /start è¨»å†Šã€‚","",""
"report.text717","âš ï¸ è«‹å…ˆå®Œæˆè¨»å†Šæµç¨‹ã€‚

ä½¿ç”¨ /start ç¹¼çºŒè¨»å†Šã€‚","",""
"report.text718","âš ï¸ è«‹é•·æŒ‰ä½ è¦èˆ‰å ±çš„è¨Šæ¯å¾Œå›è¦†æŒ‡ä»¤

","",""
"report.text719","**æ“ä½œæ­¥é©Ÿï¼š**
","",""
"report.text720","1ï¸âƒ£ é•·æŒ‰å°æ–¹çš„è¨Šæ¯
","",""
"report.text721","2ï¸âƒ£ é¸æ“‡ã€Œå›è¦†ã€
","",""
"report.text722","3ï¸âƒ£ è¼¸å…¥ /report

","",""
"report.text723","ğŸ’¡ é€™æ¨£å¯ä»¥æº–ç¢ºæŒ‡å®šè¦èˆ‰å ±çš„å°è±¡ã€‚","",""
"report.text724","âš ï¸ ç„¡æ³•è­˜åˆ¥å°è©±å°è±¡

","",""
"report.text725","è«‹ç¢ºä¿å›è¦†çš„æ˜¯å°æ–¹ç™¼é€çš„è¨Šæ¯ï¼ˆå¸¶æœ‰ # æ¨™è­˜ç¬¦ï¼‰ã€‚","",""
"report.text726","âš ï¸ æ‰¾ä¸åˆ°æ­¤å°è©±

","",""
"report.text727","å°è©±å¯èƒ½å·²çµæŸæˆ–ä¸å­˜åœ¨ã€‚","",""
"report.text728","âš ï¸ å°è©±è³‡è¨ŠéŒ¯èª¤ã€‚","",""
"report.text729","è«‹é¸æ“‡èˆ‰å ±åŸå› ï¼š","",""
"report.text730","ğŸ” è‰²æƒ…å…§å®¹","",""
"report.text731","ğŸ’° è©é¨™ / é‡£é­š","",""
"report.text732","ğŸ˜¡ é¨·æ“¾ / è¾±ç½µ","",""
"report.text733","ğŸ“¢ åƒåœ¾å»£å‘Š","",""
"report.text734","âš ï¸ å…¶ä»–é•è¦","",""
"report.cancel","âŒ å–æ¶ˆ","",""
"report.text735","âŒ ç³»çµ±ç™¼ç”ŸéŒ¯èª¤ï¼Œè«‹ç¨å¾Œå†è©¦ã€‚","",""
"report.text736","âš ï¸ ç”¨æˆ¶ä¸å­˜åœ¨","",""
"report.text737","âš ï¸ æœƒè©±å·²éæœŸï¼Œè«‹é‡æ–°æ“ä½œ","",""
"report.text738","âš ï¸ å°è©±ä¸å­˜åœ¨","",""
"report.text739","âš ï¸ å°è©±è³‡è¨ŠéŒ¯èª¤","",""
"report.text740","å¤šæ¬¡è¢«èˆ‰å ± / Multiple reports","",""
"report.text741","âœ… èˆ‰å ±å·²æäº¤","",""
"report.text742","æ„Ÿè¬ä½ çš„èˆ‰å ±ï¼Œæˆ‘å€‘æœƒç›¡å¿«å¯©æ ¸ã€‚

","",""
"report.text743","ğŸ’¡ æç¤ºï¼š
","",""
"report.text744","â€¢ é•·æŒ‰å°æ–¹è¨Šæ¯å›è¦† /block å¯å°é–æ­¤ä½¿ç”¨è€…
","",""
"report.text745","â€¢ ä½¿ç”¨ /catch æ’¿æ–°çš„æ¼‚æµç“¶","",""
"report.text746","âŒ ç³»çµ±ç™¼ç”ŸéŒ¯èª¤","",""
"report.text747","å·²å–æ¶ˆ","",""
"report.text748","å°æ™‚","",""
"report.text749","å¤©","",""
"start.text750","å¥½å‹","",""
"start.text751","ğŸŒŠ ä¸Ÿå‡ºæ¼‚æµç“¶","",""
"start.text752","ğŸ£ æ’¿èµ·æ¼‚æµç“¶","",""
"start.text753","ğŸ‘¤ å€‹äººè³‡æ–™","",""
"start.text754","ğŸ“Š çµ±è¨ˆ","",""
"start.text755","å¥½å‹","",""
"start.text756","âŒ ç³»çµ±ç™¼ç”ŸéŒ¯èª¤ï¼Œè«‹ç¨å¾Œå†è©¦ã€‚

å¦‚æœå•é¡ŒæŒçºŒï¼Œè«‹è¯ç¹«ç®¡ç†å“¡ã€‚","",""
"start.text757","ğŸ‘¨ ç”·æ€§","",""
"start.text758","ğŸ‘© å¥³æ€§","",""
"start.text759","âœï¸ æˆ‘å·²ç¶“çŸ¥é“æˆ‘çš„ MBTI","",""
"start.text760","ğŸ“ é€²è¡Œå¿«é€Ÿæ¸¬é©—","",""
"start.text761","â­ï¸ ç¨å¾Œå†èªª","",""
"start.text762","âœ… æ˜¯çš„ï¼Œæˆ‘äº†è§£ä¸¦æœƒæ³¨æ„å®‰å…¨","",""
"start.text763","ğŸ“š æˆ‘æƒ³äº†è§£æ›´å¤šå®‰å…¨çŸ¥è­˜","",""
"start.text764","âœ… æˆ‘å·²é–±è®€ä¸¦åŒæ„","",""
"tasks.text765","âš ï¸ æ‰¾ä¸åˆ°ç”¨æˆ¶è³‡æ–™ï¼Œè«‹å…ˆä½¿ç”¨ /start è¨»å†Šã€‚","",""
"tasks.text766","ğŸ“‹ **ä»»å‹™ä¸­å¿ƒ**

å®Œæˆä»»å‹™ç²å¾—é¡å¤–ç“¶å­ï¼

","",""
"tasks.text767","(å¾…é ˜å–)","",""
"tasks.text768","âœï¸ ç·¨è¼¯å€‹äººè³‡æ–™","",""
"tasks.text769","ğŸ“¢ åŠ å…¥å®˜æ–¹é »é“","",""
"tasks.text770","ğŸ é ˜å–çå‹µ","",""
"tasks.text771","ğŸŒŠ ä¸Ÿå‡ºæ¼‚æµç“¶","",""
"tasks.text772","ğŸ£ æ’¿èµ·æ¼‚æµç“¶","",""
"tasks.text773","ğŸ‘¥ æŸ¥çœ‹é‚€è«‹ç¢¼","",""
"tasks.text774","ğŸ  è¿”å›ä¸»é¸å–®","",""
"tasks.text775","âŒ æŸ¥çœ‹ä»»å‹™ä¸­å¿ƒæ™‚ç³»çµ±ç™¼ç”ŸéŒ¯èª¤ï¼Œè«‹ç¨å¾Œå†è©¦ã€‚","",""
"tasks.text776","ç•¶å¤©æœ‰æ•ˆ","",""
"tasks.text777","æ°¸ä¹…æœ‰æ•ˆ","",""
"tasks.text778","âš ï¸ ç„¡æ•ˆçš„è«‹æ±‚","",""
"tasks.text779","ğŸ“¢ **åŠ å…¥å®˜æ–¹é »é“**

","",""
"tasks.text780","é»æ“Šä¸‹æ–¹æŒ‰éˆ•åŠ å…¥ XunNi å®˜æ–¹é »é“ï¼Œç²å–æœ€æ–°æ¶ˆæ¯å’Œæ´»å‹•ï¼

","",""
"tasks.text781","åŠ å…¥å¾Œé»æ“Šã€Œæˆ‘å·²åŠ å…¥ã€æŒ‰éˆ•é ˜å–çå‹µ ğŸ","",""
"tasks.text782","ğŸ“¢ åŠ å…¥å®˜æ–¹é »é“","",""
"tasks.text783","âœ… æˆ‘å·²åŠ å…¥ï¼Œé ˜å–çå‹µ","",""
"tasks.text784","ğŸ  è¿”å›ä¸»é¸å–®","",""
"tasks.text785","âš ï¸ æœªçŸ¥çš„ä»»å‹™é¡å‹","",""
"tasks.text786","âŒ ç³»çµ±ç™¼ç”ŸéŒ¯èª¤","",""
"throw.text787","é•è¦è¡Œç‚º","",""
"throw.text788","âœ… ç¹¼çºŒç·¨è¼¯","",""
"throw.text789","ğŸ—‘ï¸ åˆªé™¤è‰ç¨¿","",""
"throw.text790","âœï¸ é‡æ–°é–‹å§‹","",""
"throw.text791","ç”·ç”Ÿ","",""
"throw.text792","å¥³ç”Ÿ","",""
"throw.text793","ä»»ä½•äºº","",""
"throw.text794","ğŸ¾ ä¸Ÿæ¼‚æµç“¶","",""
"throw.text795","ğŸ  è¿”å›ä¸»é¸å–®","",""
"throw.text796","âš ï¸ ç”¨æˆ¶ä¸å­˜åœ¨","",""
"throw.text797","âš ï¸ æœƒè©±å·²éæœŸï¼Œè«‹é‡æ–°é–‹å§‹ï¼š/throw","",""
"throw.text798","ğŸ’¡ è«‹åœ¨ä¸‹æ–¹è¼¸å…¥æ¡†è¼¸å…¥å…§å®¹","",""
"throw.text799","ğŸ“ è«‹è¼¸å…¥ä½ çš„æ¼‚æµç“¶å…§å®¹ï¼š","",""
"throw.text800","âŒ ç³»çµ±ç™¼ç”ŸéŒ¯èª¤","",""
"throw.text801","åŒ¿å","",""
"throw.text802","â€¢ èªè¨€ç›¸åŒ âœ“","",""
"throw.text803","â€¢ MBTI é«˜åº¦é…å° âœ“","",""
"throw.text804","â€¢ æ˜Ÿåº§é«˜åº¦ç›¸å®¹ âœ“","",""
"throw.text805","â€¢ å¹´é½¡å€é–“ç›¸è¿‘ âœ“","",""
"throw.text806","æœªè¨­å®š","",""
"throw.text807","æœªè¨­å®š","",""
"throw.text808","åŒ¿å","",""
"throw.text809","æœªè¨­å®š","",""
"throw.text810","æœªè¨­å®š","",""
"throw.text811","ğŸ’¬ å›è¦†è¨Šæ¯","",""
"throw.text812","ğŸ“Š æŸ¥çœ‹æ‰€æœ‰å°è©±","",""
"throw_advanced.text813","â™ˆ ç™½ç¾Šåº§","",""
"throw_advanced.text814","â™‰ é‡‘ç‰›åº§","",""
"throw_advanced.text815","â™Š é›™å­åº§","",""
"throw_advanced.text816","â™‹ å·¨èŸ¹åº§","",""
"throw_advanced.text817","â™Œ ç…å­åº§","",""
"throw_advanced.text818","â™ è™•å¥³åº§","",""
"throw_advanced.text819","â™ å¤©ç§¤åº§","",""
"throw_advanced.text820","â™ å¤©è åº§","",""
"throw_advanced.text821","â™ å°„æ‰‹åº§","",""
"throw_advanced.text822","â™‘ æ‘©ç¾¯åº§","",""
"throw_advanced.text823","â™’ æ°´ç“¶åº§","",""
"throw_advanced.text824","â™“ é›™é­šåº§","",""
"throw_advanced.text825","âŒ ç”¨æˆ¶ä¸å­˜åœ¨","",""
"throw_advanced.text826","âš ï¸ æ­¤åŠŸèƒ½åƒ…é™ VIP æœƒå“¡ä½¿ç”¨","",""
"throw_advanced.text827","âš™ï¸ **é€²éšç¯©é¸ï¼ˆVIP å°ˆå±¬ï¼‰**

","",""
"throw_advanced.text828","é¸æ“‡ä½ æƒ³è¦ç¯©é¸çš„æ¢ä»¶ï¼š

","",""
"throw_advanced.text829","â€¢ MBTIï¼šç¯©é¸ç‰¹å®šæ€§æ ¼é¡å‹
","",""
"throw_advanced.text830","â€¢ æ˜Ÿåº§ï¼šç¯©é¸ç‰¹å®šæ˜Ÿåº§
","",""
"throw_advanced.text831","â€¢ è¡€å‹ï¼šç¯©é¸ç‰¹å®šè¡€å‹
","",""
"throw_advanced.text832","â€¢ æ€§åˆ¥ï¼šç¯©é¸æ€§åˆ¥

","",""
"throw_advanced.text833","ğŸ’¡ å¯ä»¥çµ„åˆå¤šå€‹æ¢ä»¶","",""
"throw_advanced.text834","ğŸ§  MBTI ç¯©é¸","",""
"throw_advanced.text835","â­ æ˜Ÿåº§ç¯©é¸","",""
"throw_advanced.text836","ğŸ©¸ è¡€å‹ç¯©é¸","",""
"throw_advanced.text837","ğŸ‘¤ æ€§åˆ¥ç¯©é¸","",""
"throw_advanced.text838","âœ… å®Œæˆç¯©é¸ï¼Œè¼¸å…¥å…§å®¹","",""
"throw_advanced.text839","ğŸ  è¿”å›ä¸»é¸å–®","",""
"throw_advanced.text840","âŒ ç™¼ç”ŸéŒ¯èª¤","",""
"throw_advanced.text841","âš ï¸ æœƒè©±å·²éæœŸï¼Œè«‹é‡æ–°é–‹å§‹ï¼š/throw","",""
"throw_advanced.text842","ğŸ”„ æ¸…é™¤é¸æ“‡","",""
"throw_advanced.back","â¬…ï¸ è¿”å›","",""
"throw_advanced.text843","ğŸ§  **MBTI ç¯©é¸**

","",""
"throw_advanced.text844","ç„¡","",""
"throw_advanced.text845","ğŸ’¡ é»æ“Šé¸æ“‡æˆ–å–æ¶ˆ MBTI é¡å‹ï¼š","",""
"throw_advanced.text846","âŒ ç™¼ç”ŸéŒ¯èª¤","",""
"throw_advanced.text847","âš ï¸ æœƒè©±å·²éæœŸï¼Œè«‹é‡æ–°é–‹å§‹","",""
"throw_advanced.text848","âŒ ç™¼ç”ŸéŒ¯èª¤","",""
"throw_advanced.text849","âš ï¸ æœƒè©±å·²éæœŸï¼Œè«‹é‡æ–°é–‹å§‹ï¼š/throw","",""
"throw_advanced.text850","ğŸ”„ æ¸…é™¤é¸æ“‡","",""
"throw_advanced.text851","â­ **æ˜Ÿåº§ç¯©é¸**

","",""
"throw_advanced.text852","ç„¡","",""
"throw_advanced.text853","ğŸ’¡ é»æ“Šé¸æ“‡æˆ–å–æ¶ˆæ˜Ÿåº§ï¼š","",""
"throw_advanced.text854","âŒ ç™¼ç”ŸéŒ¯èª¤","",""
"throw_advanced.text855","âš ï¸ æœƒè©±å·²éæœŸï¼Œè«‹é‡æ–°é–‹å§‹","",""
"throw_advanced.text856","âŒ ç™¼ç”ŸéŒ¯èª¤","",""
"throw_advanced.text857","âš ï¸ æœƒè©±å·²éæœŸï¼Œè«‹é‡æ–°é–‹å§‹ï¼š/throw","",""
"throw_advanced.text858","ğŸ‘¤ **æ€§åˆ¥ç¯©é¸**

","",""
"throw_advanced.text859","ğŸ‘¨ ç”·ç”Ÿ","",""
"throw_advanced.text860","ğŸ‘© å¥³ç”Ÿ","",""
"throw_advanced.text861","ğŸŒˆ ä»»ä½•äºº","",""
"throw_advanced.text862","ğŸ’¡ é¸æ“‡ä½ æƒ³è¦çš„æ€§åˆ¥ï¼š","",""
"throw_advanced.text863","âœ… ğŸ‘¨ ç”·ç”Ÿ","",""
"throw_advanced.text864","ğŸ‘¨ ç”·ç”Ÿ","",""
"throw_advanced.text865","âœ… ğŸ‘© å¥³ç”Ÿ","",""
"throw_advanced.text866","ğŸ‘© å¥³ç”Ÿ","",""
"throw_advanced.text867","âœ… ğŸŒˆ ä»»ä½•äºº","",""
"throw_advanced.text868","ğŸŒˆ ä»»ä½•äºº","",""
"throw_advanced.text869","âŒ ç™¼ç”ŸéŒ¯èª¤","",""
"throw_advanced.text870","âš ï¸ æœƒè©±å·²éæœŸï¼Œè«‹é‡æ–°é–‹å§‹","",""
"throw_advanced.text871","ç”·ç”Ÿ","",""
"throw_advanced.text872","å¥³ç”Ÿ","",""
"throw_advanced.text873","ä»»ä½•äºº","",""
"throw_advanced.text874","âŒ ç™¼ç”ŸéŒ¯èª¤","",""
"throw_advanced.text875","âš ï¸ æœƒè©±å·²éæœŸï¼Œè«‹é‡æ–°é–‹å§‹ï¼š/throw","",""
"throw_advanced.text876","ç•¶å‰ç¯©é¸æ¢ä»¶ï¼š

","",""
"throw_advanced.text877","ğŸ‘¨ ç”·ç”Ÿ","",""
"throw_advanced.text878","ğŸ‘© å¥³ç”Ÿ","",""
"throw_advanced.text879","ğŸŒˆ ä»»ä½•äºº","",""
"throw_advanced.text880","ç„¡é™åˆ¶","",""
"throw_advanced.text881","ç„¡é™åˆ¶","",""
"throw_advanced.text882","ğŸ§  MBTI ç¯©é¸","",""
"throw_advanced.text883","â­ æ˜Ÿåº§ç¯©é¸","",""
"throw_advanced.text884","ğŸ‘¤ æ€§åˆ¥ç¯©é¸","",""
"throw_advanced.text885","âœ… å®Œæˆç¯©é¸ï¼Œè¼¸å…¥å…§å®¹","",""
"throw_advanced.text886","ğŸ  è¿”å›ä¸»é¸å–®","",""
"throw_advanced.text887","âŒ ç™¼ç”ŸéŒ¯èª¤","",""
"throw_advanced.text888","âœ… ç¯©é¸å®Œæˆ","",""
"throw_advanced.text889","âš ï¸ æœƒè©±å·²éæœŸï¼Œè«‹é‡æ–°é–‹å§‹ï¼š/throw","",""
"throw_advanced.text890","âœ… ç¯©é¸æ¢ä»¶å·²è¨­å®šï¼š

","",""
"throw_advanced.text891","ğŸ‘¨ ç”·ç”Ÿ","",""
"throw_advanced.text892","ğŸ‘© å¥³ç”Ÿ","",""
"throw_advanced.text893","ğŸŒˆ ä»»ä½•äºº","",""
"throw_advanced.text894","ç„¡é™åˆ¶","",""
"throw_advanced.text895","ç„¡é™åˆ¶","",""
"throw_advanced.text896","ğŸ“ è«‹è¼¸å…¥ä½ çš„æ¼‚æµç“¶å…§å®¹ï¼š

","",""
"throw_advanced.text897","ğŸ’¡ æç¤ºï¼š
","",""
"throw_advanced.text898","â€¢ æœ€çŸ­ 5 å€‹å­—ç¬¦
","",""
"throw_advanced.text899","â€¢ æœ€å¤š 250 å€‹å­—ç¬¦
","",""
"throw_advanced.text900","â€¢ ä¸å…è¨±é€£çµã€åœ–ç‰‡ã€å¤šåª’é«”
","",""
"throw_advanced.text901","â€¢ ä¸è¦åŒ…å«å€‹äººè¯çµ¡æ–¹å¼
","",""
"throw_advanced.text902","â€¢ å‹å–„ã€å°Šé‡çš„å…§å®¹æ›´å®¹æ˜“è¢«æ’¿åˆ°å“¦ï½","",""
"throw_advanced.text903","âŒ ç™¼ç”ŸéŒ¯èª¤","",""
"throw_advanced.text904","âš ï¸ æœƒè©±å·²éæœŸï¼Œè«‹é‡æ–°é–‹å§‹","",""
"throw_advanced.text905","âœ… å·²æ¸…é™¤ MBTI é¸æ“‡","",""
"throw_advanced.text906","âŒ ç™¼ç”ŸéŒ¯èª¤","",""
"throw_advanced.text907","âš ï¸ æœƒè©±å·²éæœŸï¼Œè«‹é‡æ–°é–‹å§‹","",""
"throw_advanced.text908","âœ… å·²æ¸…é™¤æ˜Ÿåº§é¸æ“‡","",""
"throw_advanced.text909","âŒ ç™¼ç”ŸéŒ¯èª¤","",""
"throw_advanced.text910","âš ï¸ æœƒè©±å·²éæœŸï¼Œè«‹é‡æ–°é–‹å§‹","",""
"throw_advanced.text911","ä»»ä½•è¡€å‹","",""
"throw_advanced.text912","ğŸ©¸ A å‹","",""
"throw_advanced.text913","ğŸ©¸ B å‹","",""
"throw_advanced.text914","ğŸ©¸ AB å‹","",""
"throw_advanced.text915","ğŸ©¸ O å‹","",""
"throw_advanced.text916","ğŸ©¸ **è¡€å‹ç¯©é¸**

","",""
"throw_advanced.text917","é¸æ“‡ä½ æƒ³è¦é…å°çš„è¡€å‹ï¼š","",""
"throw_advanced.text918","ğŸ©¸ A å‹","",""
"throw_advanced.text919","ğŸ©¸ B å‹","",""
"throw_advanced.text920","ğŸ©¸ AB å‹","",""
"throw_advanced.text921","ğŸ©¸ O å‹","",""
"throw_advanced.text922","ğŸŒˆ ä»»ä½•è¡€å‹","",""
"throw_advanced.text923","â†©ï¸ è¿”å›ç¯©é¸é¸å–®","",""
"throw_advanced.text924","âŒ ç™¼ç”ŸéŒ¯èª¤","",""
"throw_advanced.text925","âš ï¸ æœƒè©±å·²éæœŸï¼Œè«‹é‡æ–°é–‹å§‹","",""
"throw_advanced.text926","ä»»ä½•è¡€å‹","",""
"throw_advanced.text927","ğŸ©¸ A å‹","",""
"throw_advanced.text928","ğŸ©¸ B å‹","",""
"throw_advanced.text929","ğŸ©¸ AB å‹","",""
"throw_advanced.text930","ğŸ©¸ O å‹","",""
"throw_advanced.text931","âŒ ç™¼ç”ŸéŒ¯èª¤","",""
"tutorial.text932","âŒ æ‰¾ä¸åˆ°ç”¨æˆ¶è³‡æ–™ï¼Œè«‹å…ˆä½¿ç”¨ /start è¨»å†Šã€‚","",""
"tutorial.text933","âŒ å•Ÿå‹•æ•™å­¸æ™‚ç™¼ç”ŸéŒ¯èª¤ï¼Œè«‹ç¨å¾Œå†è©¦ã€‚","",""
"tutorial.text934","âŒ æ‰¾ä¸åˆ°ç”¨æˆ¶è³‡æ–™","",""
"tutorial.text935","âŒ æœªçŸ¥æ“ä½œ","",""
"tutorial.text936","âŒ æ“ä½œå¤±æ•—","",""
"tutorial.text937","ğŸ‰ æ­å–œå®Œæˆè¨»å†Šï¼

","",""
"tutorial.text938","ğŸŒŠ **XunNi æ˜¯ä»€éº¼ï¼Ÿ**
","",""
"tutorial.text939","åŒ¿åæ¼‚æµç“¶äº¤å‹å¹³å°ï¼Œé€é MBTI å’Œæ˜Ÿåº§å¹«ä½ æ‰¾åˆ°å¿—åŒé“åˆçš„æœ‹å‹

","",""
"tutorial.text940","ğŸ“¦ **ä¸Ÿå‡ºæ¼‚æµç“¶**
","",""
"tutorial.text941","å¯«ä¸‹ä½ çš„å¿ƒæƒ…æˆ–æƒ³æ³•ï¼Œç³»çµ±æœƒå¹«ä½ æ‰¾åˆ°åˆé©çš„äºº

","",""
"tutorial.text942","ğŸ£ **æ’¿èµ·æ¼‚æµç“¶**
","",""
"tutorial.text943","çœ‹çœ‹åˆ¥äººçš„æ¼‚æµç“¶ï¼Œæœ‰èˆˆè¶£å°±å›è¦†é–‹å§‹èŠå¤©

","",""
"tutorial.text944","ğŸ’¬ **å¦‚ä½•æˆç‚ºæœ‹å‹ï¼Ÿ**
","",""
"tutorial.text945","ä½ æ’¿ç“¶å›è¦† â†’ å°æ–¹ä¹Ÿå›è¦† â†’ é–‹å§‹åŒ¿åèŠå¤©","",""
"tutorial.text946","é–‹å§‹ä½¿ç”¨ â†’","",""
"tutorial.text947","è·³é","",""
"tutorial.text948","ğŸ‰ **æº–å‚™å¥½äº†ï¼é–‹å§‹äº¤æœ‹å‹å§ï½**

","",""
"tutorial.text949","ğŸ’¡ å®Œæˆä»»å‹™å¯ç²å¾—é¡å¤–ç“¶å­","",""
"tutorial.text950","ğŸŒŠ ä¸Ÿå‡ºæ¼‚æµç“¶","",""
"tutorial.text951","ğŸ£ æ’¿èµ·æ¼‚æµç“¶","",""
"tutorial.text952","ğŸ“‹ æŸ¥çœ‹ä»»å‹™","",""
"tutorial.text953","âœ… æ•™å­¸å·²å®Œæˆï¼","",""
"tutorial.text954","âŒ æœªçŸ¥çš„æ•™å­¸æ­¥é©Ÿ","",""
"tutorial.text955","âœ… å·²è·³éæ•™å­¸

","",""
"tutorial.text956","ä½ å¯ä»¥éš¨æ™‚ä½¿ç”¨ä»¥ä¸‹å‘½ä»¤ï¼š
","",""
"tutorial.text957","â€¢ /throw - ä¸Ÿå‡ºæ¼‚æµç“¶
","",""
"tutorial.text958","â€¢ /catch - æ’¿èµ·æ¼‚æµç“¶
","",""
"tutorial.text959","â€¢ /tasks - æŸ¥çœ‹ä»»å‹™ä¸­å¿ƒ
","",""
"tutorial.text960","â€¢ /help - æŸ¥çœ‹å¹«åŠ©","",""
"vip.text961","ï¼ˆç´„ 5 USDï¼‰","",""
"vip.text962","ï¼ˆStaging æ¸¬è©¦åƒ¹ï¼‰","",""
"vip.cancel","âŒ å–æ¶ˆ","",""
"vip.text963","âœ… æ­£åœ¨æº–å‚™æ”¯ä»˜...","",""
"vip.text964","âŒ ç³»çµ±ç™¼ç”ŸéŒ¯èª¤","",""
"vip.text965","âœ… æ­£åœ¨æº–å‚™æ”¯ä»˜...","",""
"vip.text966","âŒ ç³»çµ±ç™¼ç”ŸéŒ¯èª¤","",""
"vip.text967","å·²å–æ¶ˆ","",""
"vip.text968","XunNi VIP è¨‚é–±ï¼ˆæœˆè²»ï¼‰","",""
"vip.text969","XunNi VIP çºŒè¨‚","",""
"vip.text970","XunNi VIP è³¼è²·","",""
"vip.text971","VIP è¨‚é–±","",""
"vip.text972","VIP æœƒå“¡ (30 å¤©)","",""
"vip.text973","âš ï¸ ç„¡æ•ˆçš„æ”¯ä»˜é¡å‹","",""
"vip.text974","âš ï¸ æ”¯ä»˜é©—è­‰å¤±æ•—ï¼Œè«‹ç¨å¾Œå†è©¦","",""
"vip.text975","âš ï¸ ç”¨æˆ¶ä¸å­˜åœ¨","",""
"vip.text976","ğŸ”„ æ­£åœ¨æ›´æ–°æ‚¨çš„å°è©±æ­·å²ï¼Œæ¸…æ™°é ­åƒå³å°‡é¡¯ç¤º...

","",""
"vip.text977","é€™å¯èƒ½éœ€è¦å¹¾ç§’é˜æ™‚é–“ï¼Œè«‹ç¨å€™ã€‚","",""
"vip.text978","âŒ è™•ç†æ”¯ä»˜æ™‚ç³»çµ±ç™¼ç”ŸéŒ¯èª¤ï¼Œè«‹è¯ç¹«å®¢æœã€‚

","",""
"vip_refund.text979","âŒ ä½ ä¸æ˜¯ VIP ç”¨æˆ¶ï¼Œç„¡æ³•ç”³è«‹é€€æ¬¾ã€‚","",""
"vip_refund.text980","â³ ä½ å·²æœ‰å¾…è™•ç†çš„é€€æ¬¾è«‹æ±‚ï¼Œè«‹è€å¿ƒç­‰å¾…ç®¡ç†å“¡å¯©æ ¸ã€‚","",""
"vip_refund.text981","âŒ æ‰¾ä¸åˆ°æ”¯ä»˜è¨˜éŒ„ã€‚","",""
"vip_refund.text982","âŒ ç™¼ç”ŸéŒ¯èª¤ï¼Œè«‹ç¨å¾Œå†è©¦ã€‚","",""
"vip_refund.text983","âŒ é€€æ¬¾åŸå› è‡³å°‘éœ€è¦ 10 å€‹å­—ï¼Œè«‹é‡æ–°è¼¸å…¥ï¼š","",""
"vip_refund.text984","âŒ æäº¤å¤±æ•—ï¼Œè«‹ç¨å¾Œå†è©¦ã€‚","",""
"vip_refund.text985","âŒ æ¬Šé™ä¸è¶³","",""
"vip_refund.text986","âœ… æ²’æœ‰å¾…è™•ç†çš„é€€æ¬¾è«‹æ±‚ã€‚","",""
"vip_refund.text987","âŒ ç™¼ç”ŸéŒ¯èª¤","",""
"vip_refund.text988","âŒ é€€æ¬¾è«‹æ±‚ä¸å­˜åœ¨æˆ–å·²è™•ç†","",""
"vip_refund.text989","âŒ é€€æ¬¾è«‹æ±‚ä¸å­˜åœ¨æˆ–å·²è™•ç†","",""
